i0,i1
"2020-11-02 23:44:09","2020-11-02 23:45:22"
"2021-02-02 08:45:46","2021-02-02 08:46:52"
"2021-12-20 06:14:47","2021-12-20 06:15:53"
"2020-12-03 18:02:36","2020-12-03 18:03:42"
"2020-11-15 00:44:41","2020-11-15 00:46:43"
"2021-09-02 19:05:46","2021-09-02 19:06:52"
"2021-01-13 10:28:56","2021-01-13 10:30:58"
"2021-08-30 13:02:03","2021-08-30 13:04:05"
"2021-07-06 14:41:02","2021-07-06 14:43:04"
"2020-08-27 07:31:52","2020-08-27 07:32:58"
"2020-03-11 04:24:09","2020-03-11 04:26:11"
"2021-04-23 02:28:00","2021-04-23 02:29:06"
"2020-02-20 05:19:28","2020-02-20 05:20:34"
"2021-10-13 08:23:54","2021-10-13 08:25:56"
"2020-09-18 02:44:42","2020-09-18 02:46:44"
"2021-10-31 10:38:47","2021-10-31 10:40:00"
"2021-09-29 19:23:19","2021-09-29 19:24:32"
"2021-12-29 17:59:10","2021-12-29 18:01:12"
"2021-03-11 15:44:58","2021-03-11 15:46:04"
"2020-12-06 05:07:59","2020-12-06 05:10:01"
"2021-09-02 19:04:10","2021-09-02 19:05:23"
"2021-07-04 20:01:35","2021-07-04 20:03:37"
"2021-10-15 12:25:39","2021-10-15 12:26:52"
"2020-06-04 11:34:31","2020-06-04 11:36:33"
"2020-05-07 04:31:17","2020-05-07 04:32:30"
"2020-04-24 17:58:33","2020-04-24 18:00:35"
"2020-03-16 16:10:28","2020-03-16 16:12:30"
"2020-11-17 06:31:10","2020-11-17 06:32:16"
"2020-06-28 15:37:49","2020-06-28 15:38:55"
"2020-06-15 02:01:48","2020-06-15 02:02:54"
"2020-10-15 00:37:30","2020-10-15 00:39:32"
"2020-09-07 12:28:35","2020-09-07 12:29:41"
"2020-05-18 13:07:56","2020-05-18 13:09:02"
"2020-12-09 22:12:53","2020-12-09 22:13:59"
"2020-04-23 14:17:56","2020-04-23 14:19:58"
"2021-12-30 01:31:41","2021-12-30 01:32:47"
"2020-09-14 21:16:57","2020-09-14 21:18:59"
"2020-02-14 04:18:32","2020-02-14 04:20:34"
"2020-05-15 14:36:14","2020-05-15 14:37:27"
"2020-04-25 20:41:14","2020-04-25 20:42:27"
"2021-06-23 02:15:26","2021-06-23 02:17:28"
"2021-03-05 16:07:27","2021-03-05 16:08:33"
"2021-10-11 02:45:41","2021-10-11 02:47:43"
"2021-05-14 02:38:49","2021-05-14 02:40:02"
"2020-12-07 23:52:02","2020-12-07 23:53:15"
"2021-02-15 00:09:49","2021-02-15 00:11:51"
"2020-06-15 01:09:02","2020-06-15 01:11:04"
"2021-01-25 20:57:58","2021-01-25 21:00:00"
"2021-05-09 19:01:32","2021-05-09 19:03:34"
"2020-07-13 18:38:17","2020-07-13 18:39:23"
"2020-02-03 15:22:14","2020-02-03 15:24:16"
"2020-06-02 21:44:28","2020-06-02 21:45:34"
"2021-05-10 01:00:02","2021-05-10 01:01:15"
"2021-10-21 05:39:37","2021-10-21 05:40:50"
"2021-10-19 14:49:50","2021-10-19 14:51:52"
"2021-01-31 17:05:18","2021-01-31 17:06:31"
"2020-10-10 10:47:11","2020-10-10 10:48:24"
"2020-06-18 04:33:34","2020-06-18 04:35:36"
"2021-10-08 09:16:28","2021-10-08 09:18:30"
"2021-05-19 02:12:33","2021-05-19 02:14:35"
"2020-01-11 14:14:33","2020-01-11 14:15:46"
"2020-06-17 06:22:42","2020-06-17 06:23:55"
"2020-10-16 17:28:36","2020-10-16 17:30:38"
"2020-10-23 01:38:35","2020-10-23 01:39:48"
"2021-06-02 01:12:21","2021-06-02 01:13:34"
"2021-02-25 19:48:42","2021-02-25 19:49:48"
"2021-09-24 03:35:14","2021-09-24 03:37:16"
"2021-06-15 22:51:52","2021-06-15 22:53:54"
"2021-01-11 14:28:17","2021-01-11 14:29:30"
"2020-12-10 16:24:34","2020-12-10 16:25:40"
"2021-03-22 03:09:40","2021-03-22 03:10:46"
"2021-06-12 13:41:15","2021-06-12 13:42:28"
"2020-08-14 05:24:00","2020-08-14 05:25:06"
"2021-03-20 21:34:16","2021-03-20 21:35:22"
"2020-03-01 14:36:41","2020-03-01 14:37:47"
"2020-09-08 23:54:24","2020-09-08 23:55:30"
"2021-12-05 17:50:15","2021-12-05 17:52:17"
"2021-12-13 22:36:05","2021-12-13 22:38:07"
"2020-03-24 01:22:21","2020-03-24 01:23:34"
"2021-07-21 01:57:05","2021-07-21 01:59:07"
"2021-11-20 23:46:34","2021-11-20 23:47:47"
"2021-07-23 15:25:33","2021-07-23 15:27:35"
"2021-12-29 16:14:51","2021-12-29 16:16:04"
"2021-10-25 22:40:37","2021-10-25 22:42:39"
"2021-03-14 16:36:12","2021-03-14 16:37:25"
"2020-09-24 09:14:18","2020-09-24 09:15:24"
"2020-06-13 19:23:07","2020-06-13 19:25:09"
"2020-09-19 07:26:23","2020-09-19 07:27:36"
"2020-02-14 04:18:10","2020-02-14 04:19:23"
"2021-01-10 20:22:06","2021-01-10 20:23:12"
"2020-09-18 02:45:56","2020-09-18 02:47:02"
"2021-10-01 17:20:30","2021-10-01 17:22:32"
"2021-02-15 19:14:00","2021-02-15 19:15:06"
"2021-09-18 18:32:53","2021-09-18 18:34:06"
"2020-11-20 01:54:44","2020-11-20 01:55:50"
"2021-05-18 19:34:50","2021-05-18 19:36:03"
"2021-08-07 09:31:01","2021-08-07 09:32:14"
"2020-03-04 01:50:58","2020-03-04 01:52:11"
"2020-06-25 07:26:11","2020-06-25 07:28:13"
"2020-08-03 22:12:07","2020-08-03 22:13:13"
"2021-11-19 03:41:32","2021-11-19 03:42:45"
"2021-01-12 03:33:42","2021-01-12 03:34:55"
"2021-08-21 04:51:53","2021-08-21 04:53:55"
"2021-01-22 07:15:23","2021-01-22 07:16:36"
"2021-03-05 10:18:08","2021-03-05 10:19:21"
"2020-10-03 01:03:53","2020-10-03 01:05:55"
"2021-01-26 12:52:23","2021-01-26 12:53:36"
"2020-06-04 03:12:33","2020-06-04 03:14:35"
"2021-06-04 11:55:59","2021-06-04 11:57:05"
"2021-06-04 01:45:06","2021-06-04 01:46:19"
"2020-11-09 23:18:51","2020-11-09 23:20:53"
"2021-03-15 02:02:15","2021-03-15 02:03:28"
"2020-02-17 06:31:48","2020-02-17 06:33:01"
"2020-07-16 00:09:53","2020-07-16 00:11:06"
"2021-01-05 14:54:36","2021-01-05 14:55:42"
"2021-11-27 07:36:10","2021-11-27 07:37:23"
"2020-01-14 17:42:01","2020-01-14 17:43:14"
"2021-03-26 14:37:34","2021-03-26 14:38:47"
"2020-02-13 21:26:02","2020-02-13 21:27:15"
"2021-12-02 23:37:57","2021-12-02 23:39:59"
"2021-07-19 07:31:44","2021-07-19 07:32:50"
"2020-08-24 04:25:01","2020-08-24 04:26:07"
"2020-06-25 07:25:49","2020-06-25 07:27:02"
"2021-06-12 13:41:37","2021-06-12 13:43:39"
"2021-04-15 01:19:48","2021-04-15 01:21:01"
"2021-03-02 08:25:24","2021-03-02 08:27:26"
"2020-02-19 11:05:05","2020-02-19 11:06:18"
"2021-10-31 10:40:23","2021-10-31 10:41:29"
"2021-08-11 05:15:55","2021-08-11 05:17:08"
"2021-01-15 02:37:34","2021-01-15 02:38:47"
"2021-12-08 07:33:42","2021-12-08 07:34:48"
"2021-01-20 06:05:41","2021-01-20 06:06:47"
"2021-10-11 15:22:10","2021-10-11 15:23:16"
"2020-12-04 06:42:07","2020-12-04 06:43:13"
"2020-06-03 09:47:47","2020-06-03 09:49:49"
"2021-03-05 10:19:44","2021-03-05 10:20:50"
"2020-09-04 10:45:37","2020-09-04 10:47:39"
"2020-02-26 05:53:55","2020-02-26 05:55:57"
"2021-02-25 19:47:28","2021-02-25 19:49:30"
"2020-02-21 11:10:41","2020-02-21 11:11:47"
"2020-02-06 12:37:05","2020-02-06 12:38:18"
"2021-07-23 15:26:47","2021-07-23 15:27:53"
"2021-01-30 16:13:46","2021-01-30 16:14:52"
"2020-11-21 20:29:07","2020-11-21 20:30:20"
"2021-07-04 01:34:56","2021-07-04 01:36:02"
"2021-07-20 12:22:31","2021-07-20 12:23:44"
"2020-06-25 03:06:56","2020-06-25 03:08:02"
"2021-10-03 19:23:47","2021-10-03 19:25:49"
"2020-02-22 18:55:44","2020-02-22 18:57:46"
"2020-04-07 14:59:24","2020-04-07 15:00:37"
"2021-07-04 20:01:13","2021-07-04 20:02:26"
"2020-04-05 18:51:14","2020-04-05 18:52:27"
"2021-12-20 06:13:33","2021-12-20 06:15:35"
"2020-10-16 17:43:24","2020-10-16 17:44:30"
"2021-03-14 16:36:34","2021-03-14 16:38:36"
"2021-06-30 17:55:16","2021-06-30 17:57:18"
"2021-10-16 21:25:50","2021-10-16 21:27:52"
"2020-02-29 04:28:45","2020-02-29 04:29:51"
"2020-10-02 20:31:14","2020-10-02 20:32:27"
"2021-03-30 11:37:25","2021-03-30 11:38:31"
"2021-07-25 18:16:13","2021-07-25 18:18:15"
"2020-10-16 11:38:17","2020-10-16 11:39:30"
"2021-04-26 19:43:51","2021-04-26 19:44:57"
"2020-10-23 01:56:00","2020-10-23 01:57:06"
"2020-01-22 17:32:00","2020-01-22 17:33:13"
"2020-04-07 15:01:00","2020-04-07 15:02:06"
"2021-05-18 22:23:30","2021-05-18 22:25:32"
"2021-10-08 09:16:06","2021-10-08 09:17:19"
"2021-12-24 21:11:39","2021-12-24 21:12:45"
"2020-11-28 19:30:56","2020-11-28 19:32:09"
"2021-08-03 01:47:49","2021-08-03 01:48:55"
"2020-06-23 06:21:26","2020-06-23 06:23:28"
"2020-11-02 18:09:27","2020-11-02 18:10:40"
"2021-05-13 14:51:36","2021-05-13 14:52:49"
"2021-02-20 00:18:05","2021-02-20 00:20:07"
"2020-09-18 13:35:11","2020-09-18 13:36:24"
"2021-04-05 20:03:46","2021-04-05 20:05:48"
"2021-05-18 22:24:44","2021-05-18 22:25:50"
"2020-03-21 10:40:57","2020-03-21 10:42:10"
"2020-08-24 14:53:45","2020-08-24 14:54:58"
"2021-04-04 07:16:19","2021-04-04 07:17:32"
"2020-12-11 15:47:51","2020-12-11 15:49:53"
"2020-09-02 13:03:12","2020-09-02 13:05:14"
"2021-06-02 01:12:43","2021-06-02 01:14:45"
"2021-01-12 03:35:18","2021-01-12 03:36:24"
"2021-10-16 18:07:00","2021-10-16 18:08:06"
"2020-11-03 06:24:41","2020-11-03 06:26:43"
"2021-06-04 14:42:24","2021-06-04 14:43:30"
"2021-05-14 02:41:51","2021-05-14 02:43:04"
"2021-06-03 18:12:57","2021-06-03 18:14:59"
"2021-02-14 16:48:33","2021-02-14 16:49:46"
"2021-11-19 06:10:42","2021-11-19 06:11:55"
"2021-07-01 02:34:22","2021-07-01 02:36:24"
"2020-09-03 17:30:48","2020-09-03 17:31:54"
"2021-10-19 23:16:20","2021-10-19 23:17:33"
"2020-03-06 09:20:02","2020-03-06 09:22:04"
"2021-02-07 02:57:07","2021-02-07 02:59:09"
"2021-05-14 02:42:13","2021-05-14 02:44:15"
"2020-05-18 05:10:54","2020-05-18 05:12:00"
"2020-10-24 10:52:10","2020-10-24 10:54:12"
"2021-02-11 17:48:23","2021-02-11 17:50:25"
"2021-12-24 21:10:25","2021-12-24 21:12:27"
"2020-07-16 04:54:49","2020-07-16 04:56:02"
"2021-04-05 23:01:11","2021-04-05 23:02:17"
"2021-12-16 07:23:48","2021-12-16 07:25:01"
"2021-07-27 15:03:47","2021-07-27 15:04:53"
"2020-07-30 21:55:19","2020-07-30 21:56:25"
"2020-03-01 14:35:27","2020-03-01 14:37:29"
"2021-02-15 11:16:52","2021-02-15 11:18:54"
"2020-10-10 18:47:47","2020-10-10 18:49:00"
"2021-06-26 06:37:25","2021-06-26 06:38:38"
"2020-02-21 03:12:10","2020-02-21 03:13:23"
"2020-03-03 07:57:40","2020-03-03 07:58:46"
"2020-09-16 06:14:22","2020-09-16 06:15:28"
"2020-03-26 13:59:45","2020-03-26 14:01:47"
"2020-12-02 12:02:19","2020-12-02 12:04:21"
"2020-01-11 14:16:09","2020-01-11 14:17:15"
"2021-01-31 18:10:47","2021-01-31 18:12:49"
"2021-10-03 02:15:11","2021-10-03 02:17:13"
"2021-08-30 23:44:50","2021-08-30 23:45:56"
"2021-05-05 21:11:08","2021-05-05 21:13:10"
"2021-11-23 05:17:11","2021-11-23 05:19:13"
"2021-12-29 00:04:22","2021-12-29 00:06:24"
"2020-09-09 02:47:04","2020-09-09 02:48:10"
"2021-12-13 22:35:43","2021-12-13 22:36:56"
"2021-09-15 09:46:39","2021-09-15 09:47:45"
"2020-07-13 20:10:25","2020-07-13 20:11:38"
"2021-03-06 22:01:17","2021-03-06 22:02:30"
"2020-04-18 16:41:12","2020-04-18 16:43:14"
"2020-06-16 10:36:16","2020-06-16 10:38:18"
"2021-02-07 02:56:45","2021-02-07 02:57:58"
"2021-03-12 00:34:30","2021-03-12 00:35:43"
"2020-12-23 03:33:29","2020-12-23 03:34:35"
"2021-12-02 14:54:19","2021-12-02 14:55:32"
"2020-06-15 19:58:44","2020-06-15 20:00:46"
"2021-09-25 02:50:14","2021-09-25 02:51:27"
"2021-07-29 10:23:03","2021-07-29 10:24:16"
"2021-03-06 22:02:53","2021-03-06 22:03:59"
"2020-04-26 01:32:10","2020-04-26 01:34:12"
"2020-08-15 22:05:59","2020-08-15 22:08:01"
"2020-03-20 06:31:35","2020-03-20 06:32:41"
"2020-01-19 10:51:16","2020-01-19 10:52:22"
"2021-02-06 19:43:09","2021-02-06 19:45:11"
"2021-08-01 13:33:13","2021-08-01 13:34:26"
"2020-03-20 20:57:14","2020-03-20 20:59:16"
"2021-06-12 04:26:48","2021-06-12 04:28:01"
"2021-11-11 06:26:19","2021-11-11 06:27:25"
"2020-07-23 01:37:33","2020-07-23 01:38:46"
"2021-03-16 13:44:15","2021-03-16 13:46:17"
"2020-06-07 16:03:19","2020-06-07 16:05:21"
"2020-06-19 04:13:26","2020-06-19 04:14:39"
"2021-06-08 17:41:01","2021-06-08 17:42:14"
"2021-10-26 21:32:03","2021-10-26 21:33:09"
"2021-09-14 15:39:56","2021-09-14 15:41:58"
"2021-12-29 17:58:48","2021-12-29 18:00:01"
"2021-07-27 15:02:33","2021-07-27 15:04:35"
"2021-03-10 22:17:29","2021-03-10 22:18:35"
"2020-04-24 21:32:13","2020-04-24 21:33:26"
"2020-12-09 22:11:39","2020-12-09 22:13:41"
"2021-10-19 14:51:04","2021-10-19 14:52:10"
"2020-12-10 16:22:58","2020-12-10 16:24:11"
"2020-03-19 22:12:16","2020-03-19 22:13:29"
"2021-10-18 00:17:53","2021-10-18 00:19:55"
"2020-04-17 10:00:43","2020-04-17 10:01:49"
"2020-11-16 08:11:22","2020-11-16 08:12:28"
"2020-12-24 09:40:42","2020-12-24 09:41:48"
"2020-10-23 01:54:24","2020-10-23 01:55:37"
"2021-10-13 08:25:08","2021-10-13 08:26:14"
"2020-11-21 20:29:29","2020-11-21 20:31:31"
"2021-11-08 15:34:19","2021-11-08 15:36:21"
"2020-03-14 01:59:46","2020-03-14 02:01:48"
"2021-07-05 19:44:20","2021-07-05 19:45:26"
"2020-05-19 12:28:27","2020-05-19 12:29:40"
"2020-11-05 09:51:21","2020-11-05 09:52:34"
"2021-10-01 17:20:08","2021-10-01 17:21:21"
"2021-11-08 15:35:33","2021-11-08 15:36:39"
"2021-05-10 00:48:07","2021-05-10 00:49:20"
"2020-08-24 14:29:12","2020-08-24 14:30:18"
"2021-08-05 03:46:23","2021-08-05 03:47:36"
"2021-05-27 06:16:11","2021-05-27 06:17:24"
"2021-10-03 02:14:49","2021-10-03 02:16:02"
"2020-02-26 05:53:33","2020-02-26 05:54:46"
"2021-02-26 12:37:56","2021-02-26 12:39:58"
"2020-07-05 09:18:56","2020-07-05 09:20:58"
"2021-03-22 03:08:04","2021-03-22 03:09:17"
"2021-03-27 02:00:06","2021-03-27 02:02:08"
"2020-11-17 19:16:58","2020-11-17 19:19:00"
"2021-10-07 16:02:08","2021-10-07 16:03:14"
"2021-03-25 12:49:24","2021-03-25 12:51:26"
"2020-11-22 00:15:17","2020-11-22 00:17:19"
"2020-01-31 04:45:31","2020-01-31 04:46:44"
"2020-10-21 23:53:11","2020-10-21 23:55:13"
"2020-11-20 13:05:37","2020-11-20 13:07:39"
"2020-05-19 09:21:19","2020-05-19 09:22:25"
"2020-04-02 08:22:53","2020-04-02 08:23:59"
"2021-12-07 16:57:46","2021-12-07 16:58:52"
"2020-08-16 16:22:44","2020-08-16 16:24:46"
"2021-03-01 21:06:20","2021-03-01 21:07:26"
"2020-08-14 12:47:00","2020-08-14 12:49:02"
"2020-05-07 01:54:08","2020-05-07 01:55:21"
"2020-06-04 13:29:34","2020-06-04 13:30:47"
"2020-03-06 08:07:18","2020-03-06 08:09:20"
"2020-04-15 00:22:51","2020-04-15 00:23:57"
"2021-10-27 12:57:33","2021-10-27 12:59:35"
"2021-08-30 13:03:17","2021-08-30 13:04:23"
"2020-03-18 17:33:56","2020-03-18 17:35:02"
"2020-08-12 03:06:01","2020-08-12 03:07:14"
"2021-12-13 19:40:33","2021-12-13 19:42:35"
"2021-04-05 07:52:37","2021-04-05 07:54:39"
"2020-07-25 09:28:07","2020-07-25 09:30:09"
"2020-12-13 15:20:12","2020-12-13 15:21:25"
"2020-02-21 03:13:46","2020-02-21 03:14:52"
"2020-06-22 13:30:21","2020-06-22 13:31:27"
"2021-02-14 07:12:52","2021-02-14 07:14:54"
"2021-04-06 04:50:34","2021-04-06 04:51:47"
"2021-01-17 10:31:29","2021-01-17 10:32:42"
"2021-10-18 00:19:07","2021-10-18 00:20:13"
"2021-01-01 12:25:34","2021-01-01 12:26:47"
"2021-02-12 11:56:22","2021-02-12 11:58:24"
"2021-07-26 02:34:08","2021-07-26 02:36:10"
"2021-06-15 22:51:30","2021-06-15 22:52:43"
"2020-12-16 02:48:59","2020-12-16 02:51:01"
"2020-05-10 18:16:51","2020-05-10 18:18:53"
"2020-04-02 08:21:17","2020-04-02 08:22:30"
"2021-02-12 11:57:36","2021-02-12 11:58:42"
"2021-03-08 19:37:19","2021-03-08 19:38:32"
"2020-03-23 06:45:09","2020-03-23 06:46:15"
"2021-04-09 23:45:28","2021-04-09 23:46:41"
"2021-04-17 01:52:42","2021-04-17 01:54:44"
"2020-12-23 06:04:00","2020-12-23 06:05:13"
"2021-01-01 12:25:56","2021-01-01 12:27:58"
"2021-11-19 09:53:38","2021-11-19 09:54:44"
"2020-02-25 22:45:30","2020-02-25 22:46:43"
"2021-08-31 01:24:55","2021-08-31 01:26:08"
"2020-12-01 09:08:14","2020-12-01 09:09:27"
"2020-04-21 16:45:39","2020-04-21 16:47:41"
"2020-06-08 15:55:11","2020-06-08 15:57:13"
"2020-10-21 23:54:25","2020-10-21 23:55:31"
"2020-09-29 15:01:26","2020-09-29 15:02:39"
"2020-11-15 00:44:19","2020-11-15 00:45:32"
"2020-04-28 08:52:13","2020-04-28 08:53:26"
"2021-11-20 11:26:54","2021-11-20 11:28:56"
"2020-07-22 01:52:49","2020-07-22 01:53:55"
"2020-04-18 16:42:26","2020-04-18 16:43:32"
"2021-11-18 17:37:40","2021-11-18 17:38:53"
"2021-07-03 01:41:12","2021-07-03 01:42:18"
"2021-11-05 06:09:28","2021-11-05 06:10:41"
"2020-08-02 00:14:23","2020-08-02 00:15:36"
"2021-12-07 19:31:23","2021-12-07 19:32:29"
"2021-05-13 13:44:35","2021-05-13 13:45:41"
"2020-05-07 01:55:44","2020-05-07 01:56:50"
"2020-10-18 01:11:06","2020-10-18 01:12:19"
"2021-02-05 23:20:09","2021-02-05 23:21:22"
"2021-03-25 12:49:02","2021-03-25 12:50:15"
"2020-07-31 05:16:32","2020-07-31 05:17:38"
"2020-12-04 04:13:33","2020-12-04 04:15:35"
"2020-03-23 06:43:55","2020-03-23 06:45:57"
"2021-08-16 16:31:50","2021-08-16 16:33:52"
"2020-09-08 14:43:14","2020-09-08 14:44:20"
"2021-10-30 10:51:03","2021-10-30 10:52:09"
"2021-11-27 10:05:20","2021-11-27 10:06:26"
"2021-10-11 15:53:08","2021-10-11 15:55:10"
"2020-02-06 03:46:36","2020-02-06 03:47:49"
"2020-11-04 07:25:10","2020-11-04 07:27:12"
"2021-10-06 19:28:07","2021-10-06 19:29:13"
"2020-05-08 18:05:08","2020-05-08 18:06:14"
"2021-05-08 09:37:21","2021-05-08 09:38:27"
"2020-08-03 04:37:35","2020-08-03 04:38:48"
"2021-09-09 03:56:22","2021-09-09 03:57:35"
"2020-12-09 19:12:27","2020-12-09 19:13:40"
"2020-05-21 08:08:40","2020-05-21 08:10:42"
"2021-08-17 05:12:57","2021-08-17 05:14:59"
"2020-01-30 23:06:46","2020-01-30 23:07:52"
"2020-12-29 09:42:06","2020-12-29 09:43:12"
"2021-02-10 16:09:23","2021-02-10 16:11:25"
"2021-11-30 23:22:35","2021-11-30 23:23:48"
"2020-07-14 02:55:24","2020-07-14 02:56:37"
"2021-02-26 12:39:10","2021-02-26 12:40:16"
"2020-08-14 12:48:14","2020-08-14 12:49:20"
"2021-03-11 15:27:25","2021-03-11 15:28:38"
"2020-04-13 22:20:40","2020-04-13 22:21:53"
"2020-05-10 18:16:29","2020-05-10 18:17:42"
"2021-03-10 22:16:15","2021-03-10 22:18:17"
"2020-11-02 18:11:03","2020-11-02 18:12:09"
"2021-08-05 02:45:00","2021-08-05 02:46:13"
"2021-07-08 01:16:45","2021-07-08 01:17:58"
"2021-05-30 11:22:16","2021-05-30 11:24:18"
"2020-06-20 04:44:52","2020-06-20 04:46:54"
"2021-07-19 07:30:08","2021-07-19 07:31:21"
"2021-10-08 02:01:12","2021-10-08 02:02:18"
"2021-11-19 17:39:05","2021-11-19 17:40:11"
"2020-01-06 06:23:57","2020-01-06 06:25:10"
"2021-12-17 22:42:23","2021-12-17 22:43:29"
"2021-01-18 05:58:08","2021-01-18 05:59:14"
"2020-10-19 21:21:34","2020-10-19 21:22:47"
"2020-10-17 15:25:31","2020-10-17 15:26:37"
"2020-02-29 04:27:31","2020-02-29 04:29:33"
"2021-12-13 10:29:28","2021-12-13 10:30:34"
"2021-12-26 05:59:49","2021-12-26 06:01:02"
"2021-02-12 10:48:31","2021-02-12 10:49:44"
"2021-11-20 14:22:51","2021-11-20 14:24:53"
"2021-08-11 05:16:17","2021-08-11 05:18:19"
"2020-12-31 06:49:55","2020-12-31 06:51:01"
"2020-06-02 21:43:14","2020-06-02 21:45:16"
"2021-07-14 03:08:00","2021-07-14 03:10:02"
"2021-08-30 23:43:14","2021-08-30 23:44:27"
"2021-04-03 01:00:20","2021-04-03 01:01:33"
"2020-07-11 22:11:21","2020-07-11 22:12:27"
"2021-08-17 05:12:35","2021-08-17 05:13:48"
"2020-02-12 06:55:26","2020-02-12 06:56:39"
"2020-01-03 12:32:28","2020-01-03 12:34:30"
"2021-12-30 02:56:08","2021-12-30 02:57:21"
"2020-01-16 15:23:07","2020-01-16 15:24:13"
"2021-10-01 17:21:44","2021-10-01 17:22:50"
"2020-03-19 13:21:48","2020-03-19 13:23:50"
"2020-09-15 20:28:45","2020-09-15 20:29:58"
"2021-12-21 10:45:30","2021-12-21 10:46:36"
"2020-04-24 08:02:42","2020-04-24 08:04:44"
"2021-08-15 19:09:11","2021-08-15 19:10:24"
"2020-11-05 09:52:57","2020-11-05 09:54:03"
"2021-04-23 12:58:34","2021-04-23 12:59:40"
"2021-11-27 07:36:32","2021-11-27 07:38:34"
"2020-08-25 19:41:43","2020-08-25 19:42:49"
"2020-12-05 14:19:56","2020-12-05 14:21:09"
"2020-09-02 13:04:26","2020-09-02 13:05:32"
"2020-10-19 08:33:06","2020-10-19 08:34:12"
"2020-06-29 02:58:05","2020-06-29 02:59:18"
"2021-07-06 14:42:16","2021-07-06 14:43:22"
"2021-05-09 19:01:10","2021-05-09 19:02:23"
"2021-10-09 10:01:42","2021-10-09 10:02:48"
"2021-02-05 23:21:45","2021-02-05 23:22:51"
"2021-10-30 10:49:27","2021-10-30 10:50:40"
"2020-02-06 03:48:12","2020-02-06 03:49:18"
"2021-12-26 06:01:25","2021-12-26 06:02:31"
"2020-10-17 15:23:55","2020-10-17 15:25:08"
"2020-06-28 15:36:13","2020-06-28 15:37:26"
"2020-02-27 04:50:37","2020-02-27 04:52:39"
"2021-08-30 21:14:06","2021-08-30 21:15:19"
"2021-04-09 05:02:59","2021-04-09 05:04:12"
"2021-10-16 21:25:28","2021-10-16 21:26:41"
"2020-09-25 12:25:25","2020-09-25 12:26:38"
"2020-12-06 21:22:21","2020-12-06 21:23:34"
"2020-11-12 23:35:34","2020-11-12 23:36:47"
"2020-03-30 11:27:04","2020-03-30 11:28:17"
"2020-01-13 18:59:26","2020-01-13 19:00:39"
"2020-11-19 19:35:07","2020-11-19 19:36:20"
"2020-10-15 00:37:08","2020-10-15 00:38:21"
"2020-06-15 19:58:22","2020-06-15 19:59:35"
"2020-01-08 19:11:31","2020-01-08 19:12:37"
"2021-06-13 04:25:34","2021-06-13 04:26:40"
"2020-03-08 23:11:38","2020-03-08 23:12:51"
"2021-03-16 13:43:53","2021-03-16 13:45:06"
"2020-07-02 02:53:47","2020-07-02 02:55:00"
"2020-09-05 18:43:41","2020-09-05 18:45:43"
"2020-02-07 16:03:43","2020-02-07 16:04:56"
"2021-04-20 21:25:14","2021-04-20 21:26:27"
"2020-01-31 22:53:05","2020-01-31 22:54:18"
"2021-08-17 04:03:42","2021-08-17 04:04:48"
"2021-10-08 09:17:42","2021-10-08 09:18:48"
"2020-04-17 09:59:29","2020-04-17 10:01:31"
"2020-04-27 21:17:15","2020-04-27 21:18:21"
"2021-07-01 11:57:36","2021-07-01 11:58:42"
"2021-09-29 19:24:55","2021-09-29 19:26:01"
"2021-11-20 23:48:10","2021-11-20 23:49:16"
"2020-11-21 20:30:43","2020-11-21 20:31:49"
"2021-09-15 09:45:25","2021-09-15 09:47:27"
"2021-06-02 04:37:31","2021-06-02 04:38:44"
"2020-04-22 07:57:39","2020-04-22 07:58:45"
"2020-10-28 10:37:21","2020-10-28 10:38:34"
"2021-05-07 19:49:12","2021-05-07 19:50:25"
"2021-07-23 15:25:11","2021-07-23 15:26:24"
"2020-02-20 05:17:52","2020-02-20 05:19:05"
"2020-12-07 23:52:24","2020-12-07 23:54:26"
"2021-01-31 17:05:40","2021-01-31 17:07:42"
"2020-12-06 21:23:57","2020-12-06 21:25:03"
"2020-04-28 08:53:49","2020-04-28 08:54:55"
"2021-06-08 17:41:23","2021-06-08 17:43:25"
"2021-02-02 12:14:31","2021-02-02 12:15:37"
"2021-07-05 14:55:28","2021-07-05 14:57:30"
"2021-10-15 22:24:25","2021-10-15 22:25:38"
"2020-08-24 14:27:58","2020-08-24 14:30:00"
"2020-11-18 21:26:04","2020-11-18 21:27:17"
"2020-12-09 22:41:02","2020-12-09 22:42:15"
"2021-12-03 13:01:46","2021-12-03 13:02:52"
"2021-09-28 20:00:55","2021-09-28 20:02:01"
"2020-01-31 02:51:31","2020-01-31 02:52:37"
"2021-07-01 14:58:22","2021-07-01 14:59:35"
"2020-06-05 07:53:50","2020-06-05 07:55:03"
"2021-08-25 12:23:13","2021-08-25 12:24:26"
"2021-10-28 19:52:16","2021-10-28 19:53:29"
"2020-08-03 06:41:38","2020-08-03 06:42:51"
"2020-06-24 17:01:07","2020-06-24 17:03:09"
"2021-06-25 11:17:25","2021-06-25 11:19:27"
"2020-03-23 05:40:52","2020-03-23 05:42:54"
"2020-03-18 17:32:20","2020-03-18 17:33:33"
"2020-10-21 21:54:49","2020-10-21 21:56:51"
"2021-08-15 05:29:31","2021-08-15 05:31:33"
"2021-12-08 19:21:43","2021-12-08 19:22:56"
"2021-04-24 03:19:24","2021-04-24 03:20:37"
"2021-11-22 16:57:53","2021-11-22 16:59:06"
"2020-10-21 05:29:08","2020-10-21 05:30:21"
"2020-02-10 15:02:35","2020-02-10 15:04:37"
"2020-10-01 03:10:58","2020-10-01 03:12:11"
"2020-12-06 15:19:24","2020-12-06 15:20:30"
"2021-01-16 16:55:43","2021-01-16 16:56:49"
"2020-11-15 02:53:30","2020-11-15 02:55:32"
"2021-03-01 21:04:44","2021-03-01 21:05:57"
"2020-02-10 15:03:49","2020-02-10 15:04:55"
"2021-12-27 00:02:53","2021-12-27 00:03:59"
"2020-09-16 06:13:08","2020-09-16 06:15:10"
"2020-08-27 17:25:29","2020-08-27 17:27:31"
"2021-06-14 12:25:23","2021-06-14 12:27:25"
"2021-05-05 23:38:54","2021-05-05 23:40:00"
"2021-09-07 14:49:51","2021-09-07 14:50:57"
"2021-09-12 16:45:08","2021-09-12 16:47:10"
"2020-11-02 14:18:48","2020-11-02 14:20:01"
"2020-01-13 01:55:10","2020-01-13 01:56:23"
"2020-03-20 20:56:52","2020-03-20 20:58:05"
"2021-12-17 22:40:47","2021-12-17 22:42:00"
"2021-01-08 20:51:19","2021-01-08 20:53:21"
"2021-11-26 15:33:09","2021-11-26 15:34:22"
"2020-09-28 20:05:31","2020-09-28 20:06:37"
"2021-06-04 11:54:23","2021-06-04 11:55:36"
"2021-06-23 02:16:40","2021-06-23 02:17:46"
"2020-08-04 12:54:31","2020-08-04 12:56:33"
"2020-03-14 02:01:00","2020-03-14 02:02:06"
"2020-04-17 07:51:00","2020-04-17 07:52:13"
"2020-08-01 03:49:15","2020-08-01 03:50:21"
"2020-06-28 06:53:36","2020-06-28 06:55:38"
"2020-04-19 16:57:14","2020-04-19 16:59:16"
"2020-08-19 14:39:28","2020-08-19 14:40:41"
"2021-01-24 16:06:26","2021-01-24 16:08:28"
"2020-11-17 19:16:36","2020-11-17 19:17:49"
"2020-09-16 06:12:46","2020-09-16 06:13:59"
"2020-04-11 15:18:03","2020-04-11 15:19:09"
"2020-11-05 17:26:06","2020-11-05 17:28:08"
"2020-08-03 22:10:31","2020-08-03 22:11:44"
"2020-06-20 04:23:12","2020-06-20 04:24:18"
"2021-11-30 11:17:38","2021-11-30 11:18:44"
"2020-09-07 12:26:59","2020-09-07 12:28:12"
"2020-10-23 08:58:55","2020-10-23 09:00:08"
"2021-10-26 21:18:22","2021-10-26 21:19:28"
"2020-01-14 23:33:52","2020-01-14 23:35:05"
"2021-06-12 13:42:51","2021-06-12 13:43:57"
"2021-10-06 19:26:31","2021-10-06 19:27:44"
"2020-11-02 13:20:24","2020-11-02 13:21:37"
"2020-08-19 10:32:41","2020-08-19 10:34:43"
"2020-02-19 09:15:04","2020-02-19 09:16:17"
"2020-10-26 07:10:20","2020-10-26 07:12:22"
"2020-11-27 22:14:00","2020-11-27 22:15:13"
"2021-12-08 07:32:06","2021-12-08 07:33:19"
"2020-08-04 12:54:09","2020-08-04 12:55:22"
"2021-01-07 12:50:28","2021-01-07 12:51:41"
"2020-04-28 17:03:12","2020-04-28 17:04:18"
"2020-10-03 19:39:53","2020-10-03 19:41:55"
"2021-11-27 07:04:41","2021-11-27 07:05:47"
"2021-02-08 07:29:31","2021-02-08 07:31:33"
"2021-06-17 10:15:51","2021-06-17 10:16:57"
"2020-06-19 04:15:02","2020-06-19 04:16:08"
"2020-11-28 19:32:32","2020-11-28 19:33:38"
"2021-09-25 02:50:36","2021-09-25 02:52:38"
"2021-06-21 10:29:35","2021-06-21 10:30:48"
"2021-02-03 05:53:41","2021-02-03 05:54:47"
"2020-04-04 17:30:31","2020-04-04 17:32:33"
"2020-05-27 07:32:41","2020-05-27 07:33:54"
"2021-08-15 05:30:45","2021-08-15 05:31:51"
"2021-11-27 10:04:06","2021-11-27 10:06:08"
"2020-03-13 03:24:55","2020-03-13 03:26:01"
"2020-12-13 15:20:34","2020-12-13 15:22:36"
"2021-03-13 17:29:47","2021-03-13 17:31:49"
"2020-10-26 07:11:34","2020-10-26 07:12:40"
"2020-02-15 16:33:36","2020-02-15 16:35:38"
"2021-12-19 09:37:20","2021-12-19 09:38:26"
"2021-12-02 14:55:55","2021-12-02 14:57:01"
"2021-11-28 19:41:49","2021-11-28 19:43:02"
"2021-10-11 15:20:34","2021-10-11 15:21:47"
"2021-01-28 21:15:12","2021-01-28 21:17:14"
"2021-05-27 06:17:47","2021-05-27 06:18:53"
"2021-09-23 10:35:53","2021-09-23 10:37:55"
"2021-07-29 10:23:25","2021-07-29 10:25:27"
"2020-08-03 15:45:31","2020-08-03 15:46:37"
"2020-07-21 06:00:40","2020-07-21 06:02:42"
"2021-07-13 23:28:11","2021-07-13 23:29:24"
"2020-10-21 05:29:30","2020-10-21 05:31:50"
"2020-12-10 07:57:46","2020-12-10 07:59:48"
"2020-05-07 16:45:47","2020-05-07 16:47:49"
"2021-05-26 05:07:24","2021-05-26 05:08:37"
"2021-10-05 21:49:02","2021-10-05 21:50:08"
"2021-11-02 05:15:17","2021-11-02 05:16:23"
"2021-07-24 09:31:44","2021-07-24 09:33:46"
"2021-07-06 22:13:04","2021-07-06 22:14:17"
"2020-02-10 00:24:21","2020-02-10 00:25:34"
"2020-01-14 17:42:23","2020-01-14 17:44:25"
"2020-05-16 09:01:59","2020-05-16 09:03:05"
"2020-04-05 05:01:59","2020-04-05 05:04:01"
"2020-06-29 02:59:41","2020-06-29 03:00:47"
"2021-08-19 00:04:01","2021-08-19 00:06:03"
"2021-07-06 22:13:26","2021-07-06 22:15:28"
"2021-02-01 04:35:12","2021-02-01 04:36:25"
"2020-01-16 14:55:59","2020-01-16 14:57:05"
"2021-07-26 09:33:00","2021-07-26 09:34:06"
"2020-01-30 11:14:53","2020-01-30 11:16:06"
"2021-03-22 03:08:26","2021-03-22 03:10:28"
"2021-08-15 05:29:09","2021-08-15 05:30:22"
"2021-10-11 15:52:46","2021-10-11 15:53:59"
"2020-12-13 16:49:37","2020-12-13 16:50:50"
"2020-12-16 02:50:13","2020-12-16 02:51:19"
"2021-02-17 13:02:23","2021-02-17 13:03:36"
"2021-01-25 20:57:36","2021-01-25 20:58:49"
"2020-08-02 12:34:50","2020-08-02 12:36:03"
"2020-08-18 00:01:22","2020-08-18 00:02:28"
"2021-01-30 22:26:36","2021-01-30 22:27:49"
"2021-05-16 15:07:05","2021-05-16 15:08:11"
"2020-09-28 20:04:17","2020-09-28 20:06:19"
"2020-05-01 10:06:13","2020-05-01 10:08:15"
"2021-04-14 05:13:25","2021-04-14 05:14:38"
"2020-04-24 08:03:56","2020-04-24 08:05:02"
"2021-06-17 10:14:15","2021-06-17 10:15:28"
"2020-06-05 20:10:39","2020-06-05 20:12:41"
"2021-01-24 16:07:40","2021-01-24 16:08:46"
"2020-06-03 09:47:25","2020-06-03 09:48:38"
"2021-11-30 23:22:57","2021-11-30 23:24:59"
"2021-08-17 23:31:22","2021-08-17 23:32:35"
"2021-04-29 05:01:11","2021-04-29 05:03:13"
"2021-07-19 07:30:30","2021-07-19 07:32:32"
"2021-02-17 13:03:59","2021-02-17 13:05:05"
"2021-12-29 02:24:08","2021-12-29 02:25:14"
"2021-01-24 09:57:32","2021-01-24 09:58:45"
"2021-08-24 10:16:08","2021-08-24 10:17:14"
"2020-12-31 06:48:19","2020-12-31 06:49:32"
"2021-07-05 02:29:28","2021-07-05 02:30:41"
"2021-07-25 18:17:27","2021-07-25 18:18:33"
"2021-01-21 03:49:22","2021-01-21 03:51:24"
"2021-03-04 16:13:24","2021-03-04 16:14:30"
"2021-08-13 18:59:34","2021-08-13 19:01:36"
"2020-12-14 14:05:44","2020-12-14 14:06:57"
"2021-04-05 07:52:15","2021-04-05 07:53:28"
"2020-09-13 03:24:27","2020-09-13 03:25:33"
"2020-02-12 06:55:48","2020-02-12 06:57:50"
"2021-02-23 17:07:10","2021-02-23 17:08:16"
"2020-09-10 08:29:05","2020-09-10 08:31:07"
"2021-12-27 08:22:38","2021-12-27 08:23:44"
"2021-12-13 19:40:11","2021-12-13 19:41:24"
"2020-05-08 18:03:54","2020-05-08 18:05:56"
"2020-06-05 07:54:12","2020-06-05 07:56:14"
"2021-11-06 07:02:43","2021-11-06 07:03:56"
"2020-08-03 04:37:57","2020-08-03 04:39:59"
"2020-01-05 01:40:39","2020-01-05 01:41:45"
"2020-03-24 01:22:43","2020-03-24 01:24:45"
"2020-01-19 10:49:40","2020-01-19 10:50:53"
"2021-10-12 05:37:39","2021-10-12 05:38:45"
"2020-06-03 09:49:01","2020-06-03 09:50:07"
"2021-10-25 22:41:51","2021-10-25 22:42:57"
"2020-04-17 07:53:35","2020-04-17 07:55:37"
"2020-06-13 19:24:21","2020-06-13 19:25:27"
"2021-02-13 00:36:21","2021-02-13 00:38:23"
"2020-10-21 23:52:49","2020-10-21 23:54:02"
"2020-02-29 10:31:56","2020-02-29 10:33:58"
"2021-11-19 06:12:18","2021-11-19 06:13:24"
"2020-05-22 21:04:42","2020-05-22 21:05:48"
"2021-04-17 01:53:56","2021-04-17 01:55:02"
"2020-03-19 13:21:26","2020-03-19 13:22:39"
"2021-02-07 02:58:21","2021-02-07 02:59:27"
"2020-01-29 03:15:37","2020-01-29 03:16:50"
"2021-08-13 04:31:05","2021-08-13 04:33:07"
"2021-06-08 02:08:48","2021-06-08 02:10:50"
"2021-07-27 09:04:44","2021-07-27 09:06:46"
"2021-10-12 05:36:03","2021-10-12 05:37:16"
"2021-07-08 01:17:07","2021-07-08 01:19:09"
"2020-08-24 14:55:21","2020-08-24 14:56:27"
"2020-12-11 15:47:29","2020-12-11 15:48:42"
"2020-03-06 09:37:23","2020-03-06 09:38:29"
"2021-11-27 12:24:56","2021-11-27 12:26:02"
"2021-08-28 13:35:12","2021-08-28 13:37:14"
"2020-09-05 18:43:19","2020-09-05 18:44:32"
"2020-10-16 17:42:10","2020-10-16 17:44:12"
"2020-06-21 20:24:47","2020-06-21 20:26:00"
"2021-08-22 04:30:11","2021-08-22 04:32:13"
"2021-03-25 12:50:38","2021-03-25 12:51:44"
"2021-10-26 21:30:49","2021-10-26 21:32:51"
"2020-04-17 07:51:22","2020-04-17 07:53:24"
"2021-03-15 02:02:37","2021-03-15 02:04:39"
"2021-01-02 00:21:34","2021-01-02 00:23:36"
"2020-02-09 12:44:41","2020-02-09 12:45:54"
"2021-11-27 13:55:03","2021-11-27 13:56:09"
"2020-04-05 18:51:36","2020-04-05 18:53:38"
"2020-05-19 12:28:49","2020-05-19 12:30:51"
"2020-09-25 12:25:47","2020-09-25 12:27:49"
"2020-06-29 02:58:27","2020-06-29 03:00:29"
"2021-09-30 14:57:37","2021-09-30 14:58:43"
"2020-07-13 20:12:01","2020-07-13 20:13:07"
"2021-05-15 12:12:59","2021-05-15 12:14:05"
"2020-10-05 01:38:51","2020-10-05 01:40:53"
"2021-12-04 09:13:54","2021-12-04 09:15:07"
"2020-09-24 20:36:19","2020-09-24 20:37:32"
"2021-06-07 06:27:44","2021-06-07 06:28:50"
"2020-01-29 13:21:09","2020-01-29 13:22:22"
"2021-03-23 10:00:45","2021-03-23 10:01:58"
"2020-01-27 01:45:44","2020-01-27 01:46:50"
"2020-10-13 21:19:53","2020-10-13 21:21:55"
"2021-12-13 22:37:19","2021-12-13 22:38:25"
"2021-02-06 19:44:23","2021-02-06 19:45:29"
"2020-12-02 02:45:15","2020-12-02 02:46:21"
"2021-09-27 00:01:58","2021-09-27 00:03:11"
"2020-06-19 04:13:48","2020-06-19 04:15:50"
"2020-11-20 13:12:55","2020-11-20 13:14:57"
"2020-04-25 20:41:36","2020-04-25 20:43:38"
"2020-05-19 09:20:05","2020-05-19 09:22:07"
"2020-08-03 04:39:11","2020-08-03 04:40:17"
"2021-01-15 09:27:22","2021-01-15 09:28:35"
"2020-06-05 12:46:38","2020-06-05 12:47:44"
"2021-10-22 13:33:34","2021-10-22 13:34:47"
"2021-02-12 11:56:00","2021-02-12 11:57:13"
"2021-12-21 20:06:01","2021-12-21 20:08:03"
"2020-12-23 07:44:10","2020-12-23 07:45:23"
"2020-08-03 06:42:00","2020-08-03 06:44:02"
"2021-07-30 08:05:11","2021-07-30 08:06:24"
"2021-03-05 22:33:37","2021-03-05 22:34:43"
"2020-06-08 15:56:25","2020-06-08 15:57:31"
"2020-07-31 23:58:09","2020-07-31 23:59:15"
"2020-02-19 09:15:26","2020-02-19 09:17:28"
"2020-06-15 02:00:12","2020-06-15 02:01:25"
"2021-01-26 08:25:59","2021-01-26 08:28:01"
"2020-11-22 00:14:55","2020-11-22 00:16:08"
"2020-01-27 01:44:08","2020-01-27 01:45:21"
"2021-11-19 09:52:02","2021-11-19 09:53:15"
"2021-10-28 10:04:23","2021-10-28 10:05:29"
"2020-03-14 01:59:24","2020-03-14 02:00:37"
"2021-03-26 14:39:10","2021-03-26 14:40:16"
"2020-06-12 04:14:56","2020-06-12 04:16:09"
"2021-12-29 16:15:13","2021-12-29 16:17:15"
"2021-12-09 14:49:43","2021-12-09 14:50:49"
"2020-08-01 05:39:21","2020-08-01 05:40:27"
"2020-08-02 00:14:45","2020-08-02 00:16:47"
"2020-11-12 00:56:28","2020-11-12 00:57:34"
"2021-08-15 19:09:33","2021-08-15 19:11:35"
"2020-01-23 04:41:38","2020-01-23 04:43:40"
"2020-07-28 13:32:18","2020-07-28 13:34:20"
"2021-07-19 15:03:17","2021-07-19 15:05:19"
"2020-08-09 15:37:43","2020-08-09 15:38:49"
"2021-05-14 02:39:11","2021-05-14 02:41:13"
"2020-04-19 22:28:50","2020-04-19 22:29:56"
"2021-09-15 01:04:16","2021-09-15 01:06:18"
"2021-01-29 13:37:03","2021-01-29 13:39:05"
"2020-03-16 21:13:57","2020-03-16 21:15:03"
"2020-10-19 21:21:56","2020-10-19 21:23:58"
"2020-08-15 22:07:13","2020-08-15 22:08:19"
"2020-08-19 14:39:50","2020-08-19 14:41:52"
"2020-04-09 19:11:28","2020-04-09 19:13:30"
"2020-08-19 14:40:32","2020-08-19 14:41:45"
"2021-07-27 09:05:58","2021-07-27 09:07:04"
"2020-11-05 19:40:18","2020-11-05 19:41:24"
"2021-10-05 21:47:48","2021-10-05 21:49:50"
"2020-08-24 14:27:36","2020-08-24 14:28:49"
"2020-04-28 20:48:48","2020-04-28 20:49:54"
"2021-01-29 21:18:04","2021-01-29 21:19:17"
"2021-07-02 00:39:32","2021-07-02 00:41:34"
"2020-06-30 02:47:01","2020-06-30 02:48:14"
"2021-06-21 20:33:06","2021-06-21 20:34:12"
"2021-03-05 14:02:17","2021-03-05 14:04:19"
"2020-07-14 02:55:46","2020-07-14 02:57:48"
"2020-01-28 00:31:04","2020-01-28 00:32:10"
"2021-12-29 00:04:00","2021-12-29 00:05:13"
"2020-08-20 22:08:19","2020-08-20 22:09:32"
"2021-09-14 15:39:34","2021-09-14 15:40:47"
"2020-01-08 19:10:17","2020-01-08 19:12:19"
"2021-12-01 15:11:37","2021-12-01 15:13:39"
"2021-02-23 17:05:56","2021-02-23 17:07:58"
"2021-06-16 11:14:36","2021-06-16 11:16:38"
"2020-08-04 13:01:21","2020-08-04 13:02:27"
"2021-10-08 01:59:58","2021-10-08 02:02:00"
"2021-12-12 07:08:18","2021-12-12 07:10:20"
"2021-08-26 23:47:09","2021-08-26 23:48:15"
"2021-12-16 07:24:10","2021-12-16 07:26:12"
"2020-07-16 04:56:25","2020-07-16 04:57:31"
"2020-07-12 08:50:09","2020-07-12 08:51:15"
"2021-03-02 07:56:52","2021-03-02 07:57:58"
"2020-02-26 03:54:02","2020-02-26 03:56:04"
"2020-02-17 05:06:09","2020-02-17 05:07:22"
"2020-03-27 14:08:29","2020-03-27 14:10:31"
"2021-09-28 19:59:41","2021-09-28 20:01:43"
"2021-12-27 00:01:39","2021-12-27 00:03:41"
"2021-06-30 04:52:51","2021-06-30 04:53:57"
"2020-04-05 10:03:47","2020-04-05 10:05:49"
"2021-02-27 23:17:20","2021-02-27 23:19:22"
"2020-03-18 01:12:35","2020-03-18 01:13:48"
"2020-11-16 08:09:46","2020-11-16 08:10:59"
"2020-11-18 21:27:40","2020-11-18 21:28:46"
"2020-06-28 17:04:54","2020-06-28 17:06:00"
"2020-12-12 12:24:39","2020-12-12 12:25:52"
"2020-08-14 05:22:46","2020-08-14 05:24:48"
"2020-06-05 20:10:17","2020-06-05 20:11:30"
"2021-08-11 06:43:27","2021-08-11 06:44:33"
"2020-11-12 20:57:03","2020-11-12 20:58:16"
"2021-10-11 02:46:55","2021-10-11 02:48:01"
"2021-05-07 22:57:25","2021-05-07 22:58:31"
"2021-07-27 09:04:22","2021-07-27 09:05:35"
"2020-02-20 05:18:14","2020-02-20 05:20:16"
"2020-09-28 14:01:34","2020-09-28 14:03:36"
"2021-10-30 10:49:49","2021-10-30 10:51:51"
"2020-06-18 04:34:48","2020-06-18 04:35:54"
"2021-09-14 02:31:14","2021-09-14 02:32:20"
"2020-08-16 16:23:58","2020-08-16 16:25:04"
"2020-12-10 07:59:00","2020-12-10 08:00:06"
"2021-05-17 17:56:57","2021-05-17 17:58:03"
"2020-10-24 00:55:48","2020-10-24 00:56:54"
"2020-03-27 12:34:01","2020-03-27 12:35:07"
"2020-06-12 04:16:32","2020-06-12 04:17:38"
"2021-05-18 19:36:26","2021-05-18 19:37:32"
"2021-08-24 10:14:54","2021-08-24 10:16:56"
"2020-04-22 07:56:25","2020-04-22 07:58:27"
"2021-02-17 18:58:52","2021-02-17 18:59:58"
"2020-02-14 12:03:07","2020-02-14 12:05:09"
"2021-10-05 17:23:34","2021-10-05 17:25:36"
"2020-04-16 09:53:55","2020-04-16 09:55:08"
"2020-12-15 15:01:16","2020-12-15 15:02:29"
"2021-10-30 12:52:54","2021-10-30 12:54:00"
"2020-09-29 15:01:48","2020-09-29 15:03:50"
"2021-05-23 10:07:31","2021-05-23 10:08:37"
"2020-07-26 02:22:02","2020-07-26 02:23:15"
"2021-07-13 21:42:49","2021-07-13 21:44:02"
"2021-11-12 23:21:48","2021-11-12 23:23:50"
"2021-02-20 18:33:37","2021-02-20 18:34:50"
"2020-04-13 16:06:31","2020-04-13 16:07:44"
"2020-12-09 18:57:30","2020-12-09 18:59:32"
"2020-09-06 15:29:54","2020-09-06 15:31:00"
"2021-09-03 23:43:09","2021-09-03 23:45:11"
"2020-09-27 14:39:43","2020-09-27 14:41:45"
"2021-01-10 08:28:16","2021-01-10 08:29:22"
"2020-04-19 22:27:36","2020-04-19 22:29:38"
"2021-08-09 22:05:36","2021-08-09 22:06:49"
"2021-02-02 12:12:55","2021-02-02 12:14:08"
"2021-12-05 12:50:37","2021-12-05 12:52:39"
"2020-11-02 18:09:49","2020-11-02 18:11:51"
"2021-09-20 09:09:48","2021-09-20 09:10:54"
"2021-03-17 23:13:02","2021-03-17 23:15:04"
"2021-07-01 13:21:12","2021-07-01 13:22:25"
"2020-01-11 14:14:55","2020-01-11 14:16:57"
"2020-08-27 07:30:16","2020-08-27 07:31:29"
"2021-07-11 18:30:44","2021-07-11 18:31:57"
"2021-12-02 04:32:28","2021-12-02 04:33:41"
"2021-07-20 12:24:07","2021-07-20 12:25:13"
"2020-11-22 09:04:43","2020-11-22 09:06:45"
"2020-03-03 15:21:07","2020-03-03 15:23:09"
"2020-01-13 01:56:46","2020-01-13 01:57:52"
"2021-08-17 05:14:11","2021-08-17 05:15:17"
"2020-04-28 20:47:12","2020-04-28 20:48:25"
"2020-07-12 08:48:33","2020-07-12 08:49:46"
"2020-02-14 12:04:21","2020-02-14 12:05:27"
"2021-02-22 20:11:42","2021-02-22 20:13:44"
"2021-10-05 21:47:26","2021-10-05 21:48:39"
"2020-08-23 10:56:41","2020-08-23 10:57:47"
"2020-07-27 10:01:07","2020-07-27 10:02:13"
"2021-05-30 11:21:54","2021-05-30 11:23:07"
"2021-11-26 13:28:49","2021-11-26 13:29:55"
"2021-07-04 20:02:49","2021-07-04 20:03:55"
"2020-03-23 05:42:06","2020-03-23 05:43:12"
"2020-09-18 13:36:47","2020-09-18 13:37:53"
"2020-11-15 00:45:55","2020-11-15 00:47:01"
"2020-04-22 02:33:16","2020-04-22 02:34:29"
"2020-07-12 08:48:55","2020-07-12 08:50:57"
"2020-10-02 02:25:43","2020-10-02 02:26:49"
"2021-05-30 11:23:30","2021-05-30 11:24:36"
"2021-08-02 12:47:54","2021-08-02 12:49:00"
"2021-01-22 07:15:45","2021-01-22 07:17:47"
"2020-02-19 10:06:50","2020-02-19 10:08:52"
"2021-02-20 00:19:19","2021-02-20 00:20:25"
"2020-07-02 22:56:13","2020-07-02 22:57:19"
"2021-05-13 13:42:59","2021-05-13 13:44:12"
"2020-07-09 12:25:21","2020-07-09 12:26:27"
"2020-09-29 02:35:32","2020-09-29 02:36:45"
"2020-07-30 21:53:43","2020-07-30 21:54:56"
"2021-07-18 05:34:33","2021-07-18 05:35:39"
"2020-12-26 06:33:40","2020-12-26 06:34:53"
"2020-08-09 10:57:26","2020-08-09 10:58:32"
"2020-12-15 05:53:05","2020-12-15 05:55:07"
"2021-01-26 12:53:59","2021-01-26 12:55:05"
"2021-07-02 00:40:46","2021-07-02 00:41:52"
"2020-04-24 08:02:20","2020-04-24 08:03:33"
"2020-06-30 02:47:23","2020-06-30 02:49:25"
"2020-11-02 18:23:44","2020-11-02 18:24:50"
"2021-04-29 18:46:11","2021-04-29 18:47:24"
"2021-07-21 01:56:43","2021-07-21 01:57:56"
"2020-03-18 17:32:42","2020-03-18 17:34:44"
"2020-08-03 06:43:14","2020-08-03 06:44:20"
"2020-01-24 07:24:11","2020-01-24 07:25:24"
"2021-12-06 05:05:30","2021-12-06 05:06:36"
"2021-06-06 16:25:31","2021-06-06 16:26:44"
"2021-07-18 00:20:57","2021-07-18 00:22:03"
"2021-09-24 05:12:39","2021-09-24 05:13:45"
"2021-07-18 05:33:19","2021-07-18 05:35:21"
"2021-08-01 13:33:35","2021-08-01 13:35:37"
"2020-03-20 20:58:28","2020-03-20 20:59:34"
"2021-08-01 13:34:49","2021-08-01 13:35:55"
"2021-07-14 22:58:37","2021-07-14 23:00:39"
"2021-11-20 14:24:05","2021-11-20 14:25:11"
"2020-12-14 22:07:52","2020-12-14 22:09:05"
"2021-01-13 10:28:34","2021-01-13 10:29:47"
"2020-02-29 04:27:09","2020-02-29 04:28:22"
"2020-12-22 22:57:55","2020-12-22 22:59:01"
"2021-02-14 16:48:55","2021-02-14 16:50:57"
"2021-06-03 12:21:08","2021-06-03 12:22:21"
"2021-10-22 06:41:05","2021-10-22 06:42:11"
"2021-02-04 01:59:11","2021-02-04 02:00:24"
"2021-11-30 11:16:24","2021-11-30 11:18:26"
"2020-05-02 06:41:06","2020-05-02 06:42:19"
"2021-03-05 16:06:13","2021-03-05 16:08:15"
"2021-11-18 16:55:37","2021-11-18 16:56:43"
"2021-11-22 02:56:16","2021-11-22 02:57:22"
"2020-03-21 10:42:33","2020-03-21 10:43:39"
"2020-07-03 16:35:07","2020-07-03 16:37:09"
"2021-05-18 22:23:08","2021-05-18 22:24:21"
"2021-09-11 20:54:20","2021-09-11 20:55:26"
"2021-08-28 22:19:44","2021-08-28 22:21:46"
"2021-09-30 14:56:01","2021-09-30 14:57:14"
"2021-06-01 11:26:45","2021-06-01 11:27:58"
"2021-03-11 03:45:47","2021-03-11 03:46:53"
"2021-01-29 17:38:05","2021-01-29 17:39:18"
"2020-03-27 12:32:47","2020-03-27 12:34:49"
"2021-03-14 10:37:43","2021-03-14 10:38:49"
"2021-08-28 22:19:22","2021-08-28 22:20:35"
"2021-03-30 11:35:49","2021-03-30 11:37:02"
"2020-02-17 05:06:31","2020-02-17 05:08:33"
"2020-02-19 09:16:40","2020-02-19 09:17:46"
"2021-12-06 15:30:53","2021-12-06 15:31:59"
"2021-10-02 17:21:04","2021-10-02 17:22:10"
"2021-01-25 18:05:11","2021-01-25 18:06:24"
"2020-01-30 11:15:15","2020-01-30 11:17:17"
"2020-09-13 03:23:13","2020-09-13 03:25:15"
"2021-06-26 06:37:47","2021-06-26 06:39:49"
"2020-08-01 05:38:07","2020-08-01 05:40:09"
"2021-02-27 21:33:24","2021-02-27 21:34:30"
"2020-10-23 08:59:17","2020-10-23 09:01:19"
"2021-02-27 13:20:52","2021-02-27 13:21:58"
"2020-10-12 22:41:45","2020-10-12 22:42:58"
"2021-07-24 09:32:58","2021-07-24 09:34:04"
"2021-05-16 04:51:28","2021-05-16 04:52:34"
"2021-08-11 06:41:51","2021-08-11 06:43:04"
"2020-12-04 04:13:11","2020-12-04 04:14:24"
"2020-02-22 18:55:22","2020-02-22 18:56:35"
"2020-10-23 01:40:11","2020-10-23 01:41:17"
"2020-03-06 09:21:16","2020-03-06 09:22:22"
"2021-01-11 14:28:39","2021-01-11 14:30:41"
"2021-01-05 14:53:00","2021-01-05 14:54:13"
"2021-02-03 10:57:34","2021-02-03 10:59:36"
"2021-09-27 00:03:34","2021-09-27 00:04:40"
"2021-10-06 19:26:53","2021-10-06 19:28:55"
"2020-07-20 22:42:52","2020-07-20 22:43:58"
"2020-10-03 01:05:07","2020-10-03 01:06:13"
"2020-09-15 00:26:48","2020-09-15 00:28:50"
"2020-11-19 19:35:29","2020-11-19 19:37:31"
"2021-10-13 22:27:23","2021-10-13 22:29:25"
"2021-05-16 04:50:14","2021-05-16 04:52:16"
"2020-01-06 02:15:56","2020-01-06 02:17:09"
"2021-05-17 17:55:43","2021-05-17 17:57:45"
"2020-04-27 21:15:39","2020-04-27 21:16:52"
"2021-12-21 10:43:54","2021-12-21 10:45:07"
"2021-04-23 02:26:46","2021-04-23 02:28:48"
"2020-12-25 19:32:58","2020-12-25 19:35:00"
"2020-12-09 22:41:24","2020-12-09 22:43:26"
"2020-03-22 00:29:36","2020-03-22 00:30:42"
"2021-10-03 02:16:25","2021-10-03 02:17:31"
"2021-05-26 05:54:40","2021-05-26 05:56:42"
"2020-05-23 20:55:19","2020-05-23 20:56:25"
"2020-04-23 14:17:34","2020-04-23 14:18:47"
"2021-10-05 17:24:48","2021-10-05 17:25:54"
"2021-10-27 12:58:47","2021-10-27 12:59:53"
"2020-07-30 17:15:45","2020-07-30 17:17:47"
"2020-07-16 00:11:29","2020-07-16 00:12:35"
"2020-08-13 08:20:28","2020-08-13 08:21:34"
"2020-07-03 16:36:21","2020-07-03 16:37:27"
"2021-02-15 11:18:06","2021-02-15 11:19:12"
"2020-01-07 15:51:07","2020-01-07 15:53:09"
"2021-07-10 20:48:22","2021-07-10 20:49:35"
"2020-06-04 03:12:11","2020-06-04 03:13:24"
"2021-10-02 17:19:50","2021-10-02 17:21:52"
"2021-12-06 11:12:54","2021-12-06 11:14:07"
"2020-09-08 23:52:48","2020-09-08 23:54:01"
"2021-11-02 06:05:05","2021-11-02 06:06:11"
"2020-08-02 12:35:12","2020-08-02 12:37:14"
"2020-07-11 22:10:07","2020-07-11 22:12:09"
"2020-04-15 00:21:15","2020-04-15 00:22:28"
"2020-05-27 19:08:52","2020-05-27 19:09:58"
"2021-10-15 12:26:01","2021-10-15 12:28:03"
"2021-11-06 20:19:12","2021-11-06 20:20:25"
"2021-05-05 23:37:40","2021-05-05 23:39:42"
"2020-03-06 09:35:47","2020-03-06 09:37:00"
"2020-01-29 13:22:45","2020-01-29 13:23:51"
"2021-03-14 16:37:48","2021-03-14 16:38:54"
"2020-02-04 13:28:28","2020-02-04 13:29:41"
"2020-02-12 12:29:27","2020-02-12 12:30:40"
"2021-08-25 12:23:35","2021-08-25 12:25:37"
"2020-09-19 21:21:36","2020-09-19 21:23:38"
"2021-09-04 15:29:10","2021-09-04 15:30:16"
"2020-06-25 07:22:42","2020-06-25 07:23:48"
"2020-07-11 06:00:34","2020-07-11 06:02:36"
"2021-01-21 03:50:36","2021-01-21 03:51:42"
"2020-10-05 21:35:49","2020-10-05 21:37:02"
"2021-02-17 08:51:00","2021-02-17 08:52:06"
"2021-10-22 07:08:24","2021-10-22 07:10:26"
"2020-06-23 06:22:40","2020-06-23 06:23:46"
"2020-10-19 08:31:52","2020-10-19 08:33:54"
"2020-07-14 19:00:13","2020-07-14 19:02:15"
"2021-01-15 02:39:10","2021-01-15 02:40:16"
"2020-09-01 14:33:47","2020-09-01 14:35:00"
"2021-03-11 03:44:11","2021-03-11 03:45:24"
"2021-05-11 04:22:31","2021-05-11 04:24:33"
"2020-11-20 01:53:08","2020-11-20 01:54:21"
"2020-03-01 14:35:05","2020-03-01 14:36:18"
"2020-07-02 02:55:23","2020-07-02 02:56:29"
"2021-04-14 05:13:47","2021-04-14 05:15:49"
"2021-08-01 13:29:08","2021-08-01 13:30:21"
"2020-08-14 12:46:38","2020-08-14 12:47:51"
"2021-07-16 14:22:54","2021-07-16 14:24:07"
"2020-08-27 17:25:07","2020-08-27 17:26:20"
"2020-09-15 02:11:14","2020-09-15 02:12:20"
"2020-06-05 02:49:25","2020-06-05 02:50:38"
"2020-08-19 10:33:55","2020-08-19 10:35:01"
"2020-10-04 19:29:11","2020-10-04 19:30:24"
"2021-10-30 21:13:00","2021-10-30 21:14:13"
"2020-05-02 20:28:49","2020-05-02 20:30:51"
"2021-09-29 23:31:29","2021-09-29 23:33:31"
"2020-12-06 21:22:43","2020-12-06 21:24:45"
"2021-11-23 05:18:25","2021-11-23 05:19:31"
"2021-05-28 04:37:03","2021-05-28 04:38:16"
"2021-12-08 15:00:58","2021-12-08 15:02:11"
"2020-12-24 09:39:28","2020-12-24 09:41:30"
"2020-11-30 10:52:13","2020-11-30 10:54:15"
"2021-10-10 19:58:22","2021-10-10 19:59:35"
"2021-11-20 11:28:08","2021-11-20 11:29:14"
"2020-01-19 10:50:02","2020-01-19 10:52:04"
"2021-11-09 10:07:23","2021-11-09 10:08:36"
"2020-12-14 22:09:28","2020-12-14 22:10:34"
"2020-12-22 22:56:41","2020-12-22 22:58:43"
"2021-11-02 05:13:41","2021-11-02 05:14:54"
"2020-10-17 15:24:17","2020-10-17 15:26:19"
"2021-10-18 14:03:48","2021-10-18 14:04:54"
"2021-06-08 02:10:02","2021-06-08 02:11:08"
"2020-09-29 15:03:02","2020-09-29 15:04:08"
"2021-06-18 07:39:00","2021-06-18 07:41:02"
"2021-09-01 00:09:50","2021-09-01 00:11:52"
"2021-05-30 01:24:55","2021-05-30 01:26:01"
"2020-01-11 03:54:09","2020-01-11 03:56:11"
"2021-01-15 09:27:44","2021-01-15 09:29:46"
"2021-05-07 22:56:11","2021-05-07 22:58:13"
"2021-08-30 21:14:28","2021-08-30 21:16:30"
"2020-05-18 21:51:39","2020-05-18 21:52:45"
"2021-07-31 20:12:25","2021-07-31 20:13:31"
"2020-12-29 09:40:30","2020-12-29 09:41:43"
"2021-04-20 15:00:32","2021-04-20 15:01:45"
"2021-01-15 14:48:41","2021-01-15 14:49:47"
"2020-04-24 21:33:49","2020-04-24 21:34:55"
"2021-12-26 06:00:11","2021-12-26 06:02:13"
"2021-04-29 18:47:47","2021-04-29 18:48:53"
"2021-07-26 02:33:46","2021-07-26 02:34:59"
"2021-05-15 12:11:45","2021-05-15 12:13:47"
"2021-03-01 21:05:06","2021-03-01 21:07:08"
"2021-08-09 22:05:58","2021-08-09 22:08:00"
"2021-10-14 17:49:51","2021-10-14 17:50:57"
"2020-11-12 23:35:56","2020-11-12 23:37:58"
"2020-10-24 10:53:24","2020-10-24 10:54:30"
"2021-12-14 07:46:52","2021-12-14 07:48:05"
"2020-10-19 02:49:35","2020-10-19 02:51:37"
"2020-07-06 13:15:24","2020-07-06 13:16:37"
"2020-04-05 10:03:25","2020-04-05 10:04:38"
"2021-07-19 10:15:26","2021-07-19 10:16:39"
"2020-12-14 14:06:06","2020-12-14 14:08:08"
"2020-07-13 20:10:47","2020-07-13 20:12:49"
"2021-05-14 23:11:41","2021-05-14 23:12:47"
"2020-01-29 03:15:59","2020-01-29 03:18:01"
"2020-06-16 21:55:38","2020-06-16 21:56:51"
"2021-03-05 22:32:01","2021-03-05 22:33:14"
"2020-12-26 23:08:58","2020-12-26 23:10:04"
"2021-03-31 01:22:32","2021-03-31 01:23:45"
"2020-04-05 05:03:13","2020-04-05 05:04:19"
"2021-10-03 14:55:23","2021-10-03 14:56:36"
"2021-09-19 07:29:17","2021-09-19 07:31:19"
"2020-05-16 09:00:45","2020-05-16 09:02:47"
"2021-01-22 07:16:59","2021-01-22 07:18:05"
"2020-11-12 20:58:39","2020-11-12 20:59:45"
"2020-06-18 08:19:28","2020-06-18 08:21:30"
"2020-04-21 11:13:02","2020-04-21 11:15:04"
"2021-07-10 18:18:01","2021-07-10 18:20:03"
"2021-01-10 20:20:52","2021-01-10 20:22:54"
"2021-12-21 08:19:57","2021-12-21 08:21:03"
"2020-06-10 08:03:55","2020-06-10 08:05:01"
"2020-06-28 02:56:02","2020-06-28 02:58:04"
"2021-10-28 21:47:04","2021-10-28 21:49:06"
"2021-07-31 14:20:10","2021-07-31 14:21:16"
"2020-01-06 02:16:18","2020-01-06 02:18:20"
"2020-09-10 05:41:31","2020-09-10 05:42:44"
"2020-11-01 19:53:47","2020-11-01 19:55:49"
"2021-03-07 00:22:34","2021-03-07 00:23:40"
"2020-06-16 21:57:14","2020-06-16 21:58:20"
"2021-11-19 17:37:29","2021-11-19 17:38:42"
"2020-02-12 05:07:04","2020-02-12 05:09:06"
"2021-06-04 14:40:48","2021-06-04 14:42:01"
"2020-08-01 03:47:39","2020-08-01 03:48:52"
"2021-12-06 15:29:39","2021-12-06 15:31:41"
"2021-10-31 10:39:09","2021-10-31 10:41:11"
"2021-03-05 14:01:55","2021-03-05 14:03:08"
"2020-03-13 03:23:19","2020-03-13 03:24:32"
"2021-01-10 11:53:57","2021-01-10 11:55:10"
"2021-06-11 10:05:04","2021-06-11 10:06:17"
"2020-11-22 00:16:31","2020-11-22 00:17:37"
"2020-12-07 18:33:03","2020-12-07 18:34:16"
"2021-02-03 03:32:42","2021-02-03 03:33:55"
"2021-10-23 16:06:18","2021-10-23 16:08:20"
"2021-08-11 05:17:31","2021-08-11 05:18:37"
"2021-04-06 04:52:10","2021-04-06 04:53:16"
"2021-03-11 15:43:44","2021-03-11 15:45:46"
"2020-02-26 05:55:09","2020-02-26 05:56:15"
"2020-03-13 01:35:30","2020-03-13 01:37:32"
"2020-01-24 10:49:38","2020-01-24 10:50:51"
"2020-07-06 21:18:42","2020-07-06 21:19:55"
"2021-10-07 16:00:32","2021-10-07 16:01:45"
"2021-03-15 02:03:51","2021-03-15 02:04:57"
"2021-10-15 22:24:47","2021-10-15 22:26:49"
"2020-01-22 19:25:14","2020-01-22 19:26:27"
"2021-08-16 16:31:28","2021-08-16 16:32:41"
"2020-12-04 06:40:31","2020-12-04 06:41:44"
"2021-07-19 10:15:48","2021-07-19 10:17:50"
"2020-05-12 07:38:03","2020-05-12 07:39:09"
"2020-08-17 21:23:23","2020-08-17 21:24:36"
"2021-01-08 20:50:57","2021-01-08 20:52:10"
"2021-09-12 16:46:22","2021-09-12 16:47:28"
"2021-05-14 02:43:27","2021-05-14 02:44:33"
"2021-12-13 19:41:47","2021-12-13 19:42:53"
"2020-05-09 10:25:35","2020-05-09 10:26:41"
"2021-03-04 16:12:10","2021-03-04 16:14:12"
"2020-07-14 18:59:51","2020-07-14 19:01:04"
"2020-08-19 14:41:04","2020-08-19 14:42:10"
"2020-06-29 13:25:16","2020-06-29 13:27:18"
"2020-10-16 17:29:50","2020-10-16 17:30:56"
"2020-12-09 18:58:44","2020-12-09 18:59:50"
"2020-11-02 17:25:32","2020-11-02 17:26:38"
"2021-06-26 06:39:01","2021-06-26 06:40:07"
"2020-06-21 07:08:53","2020-06-21 07:10:55"
"2020-04-21 00:45:54","2020-04-21 00:47:56"
"2020-07-23 01:37:55","2020-07-23 01:39:57"
"2020-05-02 20:28:27","2020-05-02 20:29:40"
"2020-01-22 19:26:50","2020-01-22 19:27:56"
"2020-08-24 04:23:47","2020-08-24 04:25:49"
"2020-01-16 15:21:31","2020-01-16 15:22:44"
"2021-10-22 10:09:17","2021-10-22 10:10:30"
"2021-10-08 01:59:36","2021-10-08 02:00:49"
"2020-08-19 23:39:34","2020-08-19 23:40:40"
"2020-07-13 18:36:41","2020-07-13 18:37:54"
"2020-07-05 09:20:10","2020-07-05 09:21:16"
"2020-09-18 02:44:20","2020-09-18 02:45:33"
"2021-11-08 01:59:06","2021-11-08 02:00:19"
"2020-08-01 18:06:18","2020-08-01 18:07:24"
"2021-11-26 20:56:26","2021-11-26 20:57:32"
"2021-07-01 13:22:48","2021-07-01 13:23:54"
"2021-01-05 04:26:52","2021-01-05 04:28:05"
"2020-11-06 06:43:19","2020-11-06 06:45:21"
"2021-07-13 23:28:33","2021-07-13 23:30:35"
"2021-03-06 06:19:00","2021-03-06 06:20:13"
"2020-09-10 08:28:43","2020-09-10 08:29:56"
"2020-10-04 04:40:47","2020-10-04 04:42:00"
"2021-12-24 16:49:12","2021-12-24 16:50:18"
"2020-08-23 20:04:48","2020-08-23 20:05:54"
"2020-11-01 19:53:25","2020-11-01 19:54:38"
"2021-06-01 11:27:07","2021-06-01 11:29:09"
"2021-09-18 18:34:29","2021-09-18 18:35:35"
"2020-02-12 12:31:03","2020-02-12 12:32:09"
"2020-01-07 13:33:10","2020-01-07 13:34:23"
"2020-12-03 17:55:24","2020-12-03 17:57:26"
"2021-01-25 20:59:12","2021-01-25 21:00:18"
"2021-07-05 09:06:48","2021-07-05 09:08:50"
"2021-01-17 10:31:51","2021-01-17 10:33:53"
"2020-02-07 16:04:05","2020-02-07 16:06:07"
"2020-06-18 18:32:58","2020-06-18 18:34:11"
"2021-07-29 10:24:39","2021-07-29 10:25:45"
"2021-04-24 12:53:20","2021-04-24 12:55:22"
"2020-01-21 07:00:51","2020-01-21 07:01:57"
"2020-03-30 11:28:40","2020-03-30 11:29:46"
"2020-10-19 02:50:49","2020-10-19 02:51:55"
"2020-03-07 08:27:40","2020-03-07 08:29:42"
"2020-05-18 21:50:25","2020-05-18 21:52:27"
"2021-11-02 05:14:03","2021-11-02 05:16:05"
"2021-06-18 14:33:00","2021-06-18 14:34:13"
"2021-10-12 05:36:25","2021-10-12 05:38:27"
"2020-11-05 19:39:04","2020-11-05 19:41:06"
"2021-02-15 19:12:46","2021-02-15 19:14:48"
"2020-02-05 19:06:19","2020-02-05 19:07:25"
"2021-04-24 03:21:00","2021-04-24 03:22:06"
"2020-01-28 00:29:28","2020-01-28 00:30:41"
"2021-06-21 10:31:11","2021-06-21 10:32:17"
"2021-05-26 05:09:00","2021-05-26 05:10:06"
"2021-06-25 11:18:39","2021-06-25 11:19:45"
"2021-07-02 00:39:10","2021-07-02 00:40:23"
"2020-09-15 00:26:26","2020-09-15 00:27:39"
"2020-11-16 08:10:08","2020-11-16 08:12:10"
"2021-11-18 16:54:23","2021-11-18 16:56:25"
"2021-10-03 17:37:43","2021-10-03 17:39:45"
"2021-05-28 04:38:39","2021-05-28 04:39:45"
"2021-07-31 14:18:34","2021-07-31 14:19:47"
"2020-04-21 11:12:40","2020-04-21 11:13:53"
"2021-07-11 18:31:06","2021-07-11 18:33:08"
"2020-02-29 10:33:10","2020-02-29 10:34:16"
"2021-03-02 07:55:38","2021-03-02 07:57:40"
"2020-07-09 01:47:45","2020-07-09 01:48:58"
"2020-01-16 10:38:47","2020-01-16 10:40:49"
"2020-10-04 04:44:13","2020-10-04 04:45:26"
"2020-06-05 02:51:01","2020-06-05 02:52:07"
"2021-09-01 00:09:28","2021-09-01 00:10:41"
"2020-01-06 06:25:33","2020-01-06 06:26:39"
"2020-12-18 21:53:45","2020-12-18 21:54:51"
"2020-05-25 16:35:04","2020-05-25 16:37:06"
"2021-09-03 21:04:55","2021-09-03 21:06:57"
"2021-10-05 17:23:12","2021-10-05 17:24:25"
"2020-06-08 08:55:52","2020-06-08 08:57:54"
"2021-12-19 09:36:06","2021-12-19 09:38:08"
"2021-07-01 14:58:44","2021-07-01 15:00:46"
"2020-11-30 14:31:39","2020-11-30 14:32:52"
"2021-07-14 22:59:51","2021-07-14 23:00:57"
"2021-07-19 15:04:31","2021-07-19 15:05:37"
"2021-07-11 18:32:20","2021-07-11 18:33:26"
"2021-05-26 20:44:06","2021-05-26 20:46:08"
"2020-06-22 13:28:45","2020-06-22 13:29:58"
"2020-03-06 08:08:32","2020-03-06 08:09:38"
"2020-10-08 02:58:44","2020-10-08 02:59:50"
"2020-03-09 20:43:55","2020-03-09 20:45:08"
"2020-12-13 16:49:59","2020-12-13 16:52:01"
"2020-11-22 09:04:21","2020-11-22 09:05:34"
"2020-11-05 17:27:20","2020-11-05 17:28:26"
"2020-06-04 13:29:56","2020-06-04 13:31:58"
"2021-07-18 00:19:43","2021-07-18 00:21:45"
"2020-08-03 15:43:55","2020-08-03 15:45:08"
"2021-08-05 17:48:02","2021-08-05 17:50:04"
"2021-11-02 06:03:29","2021-11-02 06:04:42"
"2021-08-15 09:33:02","2021-08-15 09:35:04"
"2021-07-22 04:06:55","2021-07-22 04:08:57"
"2020-11-02 13:22:00","2020-11-02 13:23:06"
"2020-08-23 00:02:29","2020-08-23 00:03:42"
"2020-01-16 10:38:25","2020-01-16 10:39:38"
"2020-06-15 02:00:34","2020-06-15 02:02:36"
"2021-03-08 19:37:41","2021-03-08 19:39:43"
"2021-08-15 19:10:47","2021-08-15 19:11:53"
"2020-11-05 09:51:43","2020-11-05 09:53:45"
"2020-03-18 01:14:11","2020-03-18 01:15:17"
"2020-11-02 18:22:08","2020-11-02 18:23:21"
"2020-01-30 11:16:29","2020-01-30 11:17:35"
"2021-08-25 12:24:49","2021-08-25 12:25:55"
"2020-07-27 09:23:20","2020-07-27 09:24:33"
"2021-10-16 01:44:55","2021-10-16 01:46:57"
"2021-07-22 04:55:38","2021-07-22 04:56:51"
"2021-11-09 10:07:45","2021-11-09 10:09:47"
"2021-12-13 10:28:14","2021-12-13 10:30:16"
"2021-10-26 17:24:18","2021-10-26 17:25:24"
"2020-07-28 17:58:48","2020-07-28 18:00:50"
"2021-08-23 04:03:49","2021-08-23 04:05:02"
"2020-12-07 18:33:25","2020-12-07 18:35:27"
"2020-05-16 16:00:14","2020-05-16 16:01:27"
"2021-11-16 19:19:46","2021-11-16 19:20:52"
"2021-07-11 00:50:31","2021-07-11 00:51:44"
"2020-09-06 15:28:18","2020-09-06 15:29:31"
"2021-02-03 03:33:04","2021-02-03 03:35:06"
"2021-08-30 04:31:18","2021-08-30 04:32:31"
"2021-02-12 10:48:53","2021-02-12 10:50:55"
"2020-05-13 01:56:04","2020-05-13 01:57:10"
"2020-05-27 10:30:24","2020-05-27 10:31:30"
"2021-11-09 10:08:59","2021-11-09 10:10:05"
"2020-12-03 17:56:38","2020-12-03 17:57:44"
"2020-08-23 20:03:12","2020-08-23 20:04:25"
"2020-01-30 23:05:10","2020-01-30 23:06:23"
"2020-10-10 10:47:33","2020-10-10 10:49:35"
"2020-09-04 07:13:30","2020-09-04 07:14:36"
"2021-06-12 04:28:24","2021-06-12 04:29:30"
"2020-04-03 09:57:24","2020-04-03 09:58:37"
"2021-07-25 08:20:53","2021-07-25 08:21:59"
"2021-12-24 05:03:11","2021-12-24 05:04:24"
"2020-01-14 17:43:37","2020-01-14 17:44:43"
"2021-06-11 10:05:26","2021-06-11 10:07:28"
"2020-07-18 17:03:07","2020-07-18 17:04:13"
"2020-03-21 10:41:19","2020-03-21 10:43:21"
"2020-04-26 01:33:24","2020-04-26 01:34:30"
"2021-12-16 21:18:30","2021-12-16 21:20:32"
"2021-04-29 18:46:33","2021-04-29 18:48:35"
"2021-01-29 01:22:04","2021-01-29 01:23:10"
"2020-05-27 19:07:16","2020-05-27 19:08:29"
"2021-10-23 02:53:13","2021-10-23 02:54:26"
"2020-02-05 07:04:04","2020-02-05 07:05:17"
"2020-06-04 13:31:10","2020-06-04 13:32:16"
"2020-07-30 21:54:05","2020-07-30 21:56:07"
"2021-09-24 05:11:03","2021-09-24 05:12:16"
"2020-10-08 19:28:59","2020-10-08 19:30:05"
"2021-09-04 15:27:56","2021-09-04 15:29:58"