i0,i1,i2
76.0,"2021-08-30 02:51:48","2021-08-30 02:51:48"
635.7234468937876,"2020-11-18 23:49:06","2020-11-18 23:49:06"
68.0,"2020-12-09 15:28:59","2020-12-09 15:28:59"
365.0930930930931,"2020-04-24 09:39:56","2020-04-24 09:39:56"
448.6726726726727,"2020-10-06 02:51:38","2020-10-06 02:51:38"
927.0,"2021-09-21 16:02:17","2021-09-21 16:02:17"
287.0,"2020-11-10 08:12:17","2020-11-10 08:12:17"
56.0,"2020-08-06 14:24:07","2020-08-06 14:24:07"
387.4594594594595,"2020-11-18 23:49:06","2020-11-18 23:49:06"
470.0,"2021-05-18 23:06:45","2021-05-18 23:06:45"
487.0,"2020-10-12 22:11:47","2020-10-12 22:11:47"
427.2792792792793,"2020-02-04 12:17:30","2020-02-04 12:17:30"
766.3213213213213,"2020-03-21 05:55:18","2020-03-21 05:55:18"
997.0,"2020-03-10 06:23:25","2020-03-10 06:23:25"
36.690070210631895,"2021-10-14 06:35:37","2021-10-14 06:35:37"
1.4504504504504505,"2020-10-06 02:51:38","2020-10-06 02:51:38"
55.4954954954955,"2020-03-25 03:10:39","2020-03-25 03:10:39"
183.0,"2021-10-14 06:35:37","2021-10-14 06:35:37"
74.31431431431432,"2020-11-18 23:49:06","2020-11-18 23:49:06"
192.15330661322648,"2020-01-29 02:20:50","2020-01-29 02:20:50"
828.0,"2021-08-25 17:02:12","2021-08-25 17:02:12"
265.0,"2021-07-14 21:34:48","2021-07-14 21:34:48"
587.0,"2020-07-31 16:06:54","2020-07-31 16:06:54"
3.9538615847542626,"2020-02-04 12:17:30","2020-02-04 12:17:30"
665.0,"2020-08-12 20:35:59","2020-08-12 20:35:59"
422.0,"2020-12-03 19:48:07","2020-12-03 19:48:07"
874.0,"2021-12-26 01:37:35","2021-12-26 01:37:35"
783.0,"2020-02-19 14:30:14","2020-02-19 14:30:14"
730.0,"2020-03-15 03:20:49","2020-03-15 03:20:49"
410.0,"2021-10-03 20:45:06","2021-10-03 20:45:06"
976.0,"2021-07-17 06:06:45","2021-07-17 06:06:45"
317.0,"2020-06-23 17:41:29","2020-06-23 17:41:29"
80.0,"2021-07-14 21:34:48","2021-07-14 21:34:48"
431.0,"2020-05-01 19:20:16","2020-05-01 19:20:16"
208.86486486486487,"2020-02-06 10:44:32","2020-02-06 10:44:32"
3.0,"2021-09-21 16:02:17","2021-09-21 16:02:17"
943.0,"2020-07-19 00:54:55","2020-07-19 00:54:55"
755.0,"2021-08-05 04:36:47","2021-08-05 04:36:47"
226.92592592592592,"2020-11-05 16:15:50","2020-11-05 16:15:50"
182.0,"2021-07-14 21:34:48","2021-07-14 21:34:48"
620.0,"2020-12-03 19:48:07","2020-12-03 19:48:07"
9.831494483450351,"2021-08-25 17:02:12","2021-08-25 17:02:12"
266.0,"2020-03-04 10:22:20","2020-03-04 10:22:20"
35.88777555110221,"2020-12-13 05:22:34","2020-12-13 05:22:34"
54.826653306613224,"2020-11-05 00:47:33","2020-11-05 00:47:33"
778.6546546546547,"2021-02-08 06:19:27","2021-02-08 06:19:27"
247.0,"2021-07-14 18:19:21","2021-07-14 18:19:21"
798.0,"2020-01-29 02:20:50","2020-01-29 02:20:50"
551.0,"2020-11-24 11:13:35","2020-11-24 11:13:35"
464.0,"2021-07-14 21:34:48","2021-07-14 21:34:48"
383.15531062124245,"2021-02-27 14:29:37","2021-02-27 14:29:37"
219.0,"2020-08-16 02:17:09","2020-08-16 02:17:09"
264.1182364729459,"2021-03-07 01:35:23","2021-03-07 01:35:23"
106.0,"2020-09-08 14:36:51","2020-09-08 14:36:51"
897.0,"2021-12-19 01:11:44","2021-12-19 01:11:44"
187.73873873873873,"2021-06-03 21:09:03","2021-06-03 21:09:03"
58.450450450450454,"2021-07-13 01:11:29","2021-07-13 01:11:29"
375.0,"2021-03-01 06:22:45","2021-03-01 06:22:45"
22.87061183550652,"2021-08-25 17:02:12","2021-08-25 17:02:12"
264.57057057057057,"2021-12-01 23:28:01","2021-12-01 23:28:01"
25.93486973947896,"2020-03-21 05:55:18","2020-03-21 05:55:18"
81.0,"2021-07-17 06:06:45","2021-07-17 06:06:45"
372.19819819819816,"2020-04-24 09:39:56","2020-04-24 09:39:56"
319.1711711711711,"2021-08-24 23:41:41","2021-08-24 23:41:41"
396.980980980981,"2020-11-05 16:15:50","2020-11-05 16:15:50"
78.0,"2020-09-08 14:36:51","2020-09-08 14:36:51"
359.0,"2021-07-14 18:19:21","2021-07-14 18:19:21"
285.2722722722723,"2021-08-24 23:41:41","2021-08-24 23:41:41"
438.0,"2021-09-21 16:02:17","2021-09-21 16:02:17"
17.0,"2020-12-09 15:28:59","2020-12-09 15:28:59"
461.0,"2020-01-10 12:49:25","2020-01-10 12:49:25"
197.77154308617233,"2021-02-08 06:19:27","2021-02-08 06:19:27"
32.0,"2021-02-27 14:29:37","2021-02-27 14:29:37"
247.3823823823824,"2020-03-21 05:55:18","2020-03-21 05:55:18"
296.5045045045045,"2020-06-03 10:48:06","2020-06-03 10:48:06"
188.54563691073218,"2020-07-31 16:06:54","2020-07-31 16:06:54"
61.0,"2020-02-16 18:40:13","2020-02-16 18:40:13"
97.0,"2021-12-26 01:37:35","2021-12-26 01:37:35"
957.0,"2020-03-25 03:10:39","2020-03-25 03:10:39"
743.3493975903615,"2020-08-06 14:24:07","2020-08-06 14:24:07"
6.806419257773321,"2021-08-25 17:02:12","2021-08-25 17:02:12"
590.0,"2020-12-21 12:07:19","2020-12-21 12:07:19"
137.0,"2020-06-23 17:41:29","2020-06-23 17:41:29"
24.569138276553105,"2021-03-07 01:35:23","2021-03-07 01:35:23"
727.9039039039039,"2020-11-24 11:13:35","2020-11-24 11:13:35"
273.0,"2021-03-26 18:03:45","2021-03-26 18:03:45"
70.58858858858859,"2020-10-06 02:51:38","2020-10-06 02:51:38"
301.4394394394394,"2021-08-24 23:41:41","2021-08-24 23:41:41"
412.0,"2020-09-07 06:50:13","2020-09-07 06:50:13"
356.0,"2021-12-06 20:11:54","2021-12-06 20:11:54"
122.0,"2020-02-04 12:17:30","2020-02-04 12:17:30"
41.29187562688064,"2021-10-14 06:35:37","2021-10-14 06:35:37"
774.0,"2020-01-10 12:49:25","2020-01-10 12:49:25"
237.5975975975976,"2020-02-06 10:44:32","2020-02-06 10:44:32"
189.31231231231232,"2021-08-24 23:41:41","2021-08-24 23:41:41"
164.0,"2020-02-16 18:40:13","2020-02-16 18:40:13"
504.21621621621625,"2020-06-03 10:48:06","2020-06-03 10:48:06"
814.0600600600601,"2020-02-19 14:30:14","2020-02-19 14:30:14"
142.82282282282281,"2020-11-24 11:13:35","2020-11-24 11:13:35"
961.0,"2020-12-03 19:48:07","2020-12-03 19:48:07"
237.0,"2020-05-01 19:20:16","2020-05-01 19:20:16"
482.0,"2020-07-06 22:31:20","2020-07-06 22:31:20"
184.23269809428285,"2021-10-03 04:23:25","2021-10-03 04:23:25"
338.0,"2021-11-25 17:55:51","2021-11-25 17:55:51"
57.0,"2021-07-14 18:19:21","2021-07-14 18:19:21"
765.0,"2021-08-30 02:51:48","2021-08-30 02:51:48"
396.0,"2021-07-14 18:19:21","2021-07-14 18:19:21"
691.0460921843687,"2021-02-08 06:19:27","2021-02-08 06:19:27"
79.43943943943944,"2020-11-18 23:49:06","2020-11-18 23:49:06"
628.2622622622623,"2020-05-01 19:20:16","2020-05-01 19:20:16"
285.0850850850851,"2020-07-06 22:31:20","2020-07-06 22:31:20"
52.10810810810811,"2021-07-13 01:11:29","2021-07-13 01:11:29"
761.0,"2020-07-31 16:06:54","2020-07-31 16:06:54"
874.0,"2021-07-14 18:19:21","2021-07-14 18:19:21"
149.7897897897898,"2020-07-31 16:06:54","2020-07-31 16:06:54"
800.0,"2020-11-18 23:49:06","2020-11-18 23:49:06"
8.618618618618619,"2021-09-13 22:40:35","2021-09-13 22:40:35"
439.17334669338675,"2021-03-07 01:35:23","2021-03-07 01:35:23"
353.0,"2020-02-19 03:02:01","2020-02-19 03:02:01"
177.36936936936937,"2020-02-06 10:44:32","2020-02-06 10:44:32"
742.0,"2021-09-21 16:02:17","2021-09-21 16:02:17"
103.4884884884885,"2021-07-13 01:11:29","2021-07-13 01:11:29"
510.0,"2021-09-21 16:02:17","2021-09-21 16:02:17"
765.0,"2021-10-03 04:23:25","2021-10-03 04:23:25"
70.0,"2020-10-12 22:11:47","2020-10-12 22:11:47"
386.95695695695696,"2021-12-01 23:28:01","2021-12-01 23:28:01"
343.0,"2020-02-18 20:23:38","2020-02-18 20:23:38"
49.0,"2021-09-29 01:03:17","2021-09-29 01:03:17"
427.8828828828829,"2020-10-06 02:51:38","2020-10-06 02:51:38"
613.0,"2020-08-27 05:07:50","2020-08-27 05:07:50"
551.0,"2021-10-28 06:02:36","2021-10-28 06:02:36"
334.0,"2020-02-04 12:17:30","2020-02-04 12:17:30"
641.1411411411411,"2021-02-25 11:30:26","2021-02-25 11:30:26"
318.0,"2020-12-21 12:07:19","2020-12-21 12:07:19"
12.465465465465467,"2020-02-16 18:40:13","2020-02-16 18:40:13"
486.92092092092093,"2021-12-26 01:37:35","2021-12-26 01:37:35"
327.0,"2020-08-16 02:17:09","2020-08-16 02:17:09"
2.864864864864865,"2020-11-18 23:49:06","2020-11-18 23:49:06"
121.05105105105105,"2020-07-31 16:06:54","2020-07-31 16:06:54"
31.913827655310623,"2020-11-18 23:49:06","2020-11-18 23:49:06"
917.0,"2020-02-04 12:17:30","2020-02-04 12:17:30"
809.0,"2020-03-15 03:20:49","2020-03-15 03:20:49"
0.3276553106212425,"2021-10-03 04:23:25","2021-10-03 04:23:25"
6.862862862862863,"2020-02-19 14:30:14","2020-02-19 14:30:14"
189.32798395185557,"2020-07-31 16:06:54","2020-07-31 16:06:54"
629.0070210631895,"2020-07-31 16:06:54","2020-07-31 16:06:54"
425.6787148594378,"2020-08-06 14:24:07","2020-08-06 14:24:07"
780.0,"2020-03-21 05:55:18","2020-03-21 05:55:18"
15.433433433433434,"2020-02-16 18:40:13","2020-02-16 18:40:13"
442.3873873873874,"2020-10-06 02:51:38","2020-10-06 02:51:38"
143.43343343343344,"2020-07-06 22:31:20","2020-07-06 22:31:20"
915.0,"2021-11-25 17:55:51","2021-11-25 17:55:51"
325.0,"2020-09-28 14:22:52","2020-09-28 14:22:52"
981.0,"2020-08-06 14:24:07","2020-08-06 14:24:07"
173.0,"2020-01-29 02:20:50","2020-01-29 02:20:50"
455.0,"2020-10-16 10:08:34","2020-10-16 10:08:34"
861.0420841683367,"2020-11-18 23:49:06","2020-11-18 23:49:06"
498.0,"2021-08-24 23:41:41","2021-08-24 23:41:41"
450.0,"2021-07-17 06:06:45","2021-07-17 06:06:45"
604.7807807807808,"2020-11-24 11:13:35","2020-11-24 11:13:35"
49.729729729729726,"2020-02-06 10:44:32","2020-02-06 10:44:32"
538.0,"2020-11-24 11:13:35","2020-11-24 11:13:35"
357.5975975975976,"2021-06-03 21:09:03","2021-06-03 21:09:03"
955.0,"2020-11-18 23:49:06","2020-11-18 23:49:06"
102.1072144288577,"2020-03-21 05:55:18","2020-03-21 05:55:18"
446.0,"2021-07-17 06:06:45","2021-07-17 06:06:45"
601.7267267267267,"2021-06-03 21:09:03","2021-06-03 21:09:03"
626.0,"2020-11-18 23:49:06","2020-11-18 23:49:06"
67.36208625877633,"2020-02-04 12:17:30","2020-02-04 12:17:30"
484.0,"2020-12-13 05:22:34","2020-12-13 05:22:34"
7.1591591591591595,"2020-02-19 14:30:14","2020-02-19 14:30:14"
63.13713713713714,"2020-04-04 13:48:21","2020-04-04 13:48:21"
847.0,"2021-11-25 17:55:51","2021-11-25 17:55:51"
400.0,"2020-07-31 16:06:54","2020-07-31 16:06:54"
775.0,"2021-10-14 06:35:37","2021-10-14 06:35:37"
680.0,"2021-10-14 06:35:37","2021-10-14 06:35:37"
627.0,"2020-10-16 10:08:34","2020-10-16 10:08:34"
333.26126126126127,"2020-02-19 14:30:14","2020-02-19 14:30:14"
423.0,"2021-07-13 01:11:29","2021-07-13 01:11:29"
209.64829659318636,"2020-01-29 02:20:50","2020-01-29 02:20:50"
995.0,"2021-09-21 16:02:17","2021-09-21 16:02:17"
315.28585757271816,"2020-07-31 16:06:54","2020-07-31 16:06:54"
23.816633266533067,"2021-02-27 14:29:37","2021-02-27 14:29:37"
0.7007007007007007,"2021-07-14 18:19:21","2021-07-14 18:19:21"
213.0,"2021-08-30 02:51:48","2021-08-30 02:51:48"
690.0,"2020-03-25 03:10:39","2020-03-25 03:10:39"
276.5485485485486,"2020-11-05 16:15:50","2020-11-05 16:15:50"
58.94182547642929,"2020-02-04 12:17:30","2020-02-04 12:17:30"
9.0,"2021-02-08 06:19:27","2021-02-08 06:19:27"
93.72972972972974,"2020-02-19 14:30:14","2020-02-19 14:30:14"
388.0,"2021-12-26 01:37:35","2021-12-26 01:37:35"
95.0,"2021-08-05 04:36:47","2021-08-05 04:36:47"
48.0,"2021-03-01 06:22:45","2021-03-01 06:22:45"
196.21021021021022,"2020-04-24 09:39:56","2020-04-24 09:39:56"
339.0,"2020-11-10 08:12:17","2020-11-10 08:12:17"
969.0,"2020-03-04 10:22:20","2020-03-04 10:22:20"
383.0,"2020-09-08 14:36:51","2020-09-08 14:36:51"
956.0,"2021-03-07 01:35:23","2021-03-07 01:35:23"
218.0,"2020-12-04 15:57:14","2020-12-04 15:57:14"
25.947843530591776,"2021-08-25 17:02:12","2021-08-25 17:02:12"
776.0,"2021-04-27 08:54:06","2021-04-27 08:54:06"
487.0,"2021-09-21 16:02:17","2021-09-21 16:02:17"
945.0,"2020-07-06 22:31:20","2020-07-06 22:31:20"
29.18637274549098,"2020-12-13 05:22:34","2020-12-13 05:22:34"
7.067067067067067,"2021-12-26 01:37:35","2021-12-26 01:37:35"
22.486486486486488,"2021-07-13 01:11:29","2021-07-13 01:11:29"
479.0,"2021-06-03 21:09:03","2021-06-03 21:09:03"
736.1083249749248,"2021-10-03 04:23:25","2021-10-03 04:23:25"
272.25677031093284,"2020-07-31 16:06:54","2020-07-31 16:06:54"
134.1141141141141,"2020-07-31 16:06:54","2020-07-31 16:06:54"
102.48648648648648,"2021-08-25 17:02:12","2021-08-25 17:02:12"
19.0,"2020-02-19 14:30:14","2020-02-19 14:30:14"
141.0,"2020-10-12 22:11:47","2020-10-12 22:11:47"
251.0,"2020-08-16 02:17:09","2020-08-16 02:17:09"
840.0,"2020-09-08 14:36:51","2020-09-08 14:36:51"
770.0,"2021-05-18 23:06:45","2021-05-18 23:06:45"
956.0,"2020-04-04 13:48:21","2020-04-04 13:48:21"
105.95695695695696,"2020-08-16 02:17:09","2020-08-16 02:17:09"
205.0,"2020-03-25 03:10:39","2020-03-25 03:10:39"
592.0,"2020-07-31 16:06:54","2020-07-31 16:06:54"
16.62162162162162,"2021-09-13 22:40:35","2021-09-13 22:40:35"
686.2122122122122,"2020-05-01 19:20:16","2020-05-01 19:20:16"
483.0,"2020-12-21 12:07:19","2020-12-21 12:07:19"
685.0,"2020-10-31 09:48:45","2020-10-31 09:48:45"
374.0,"2021-08-24 23:41:41","2021-08-24 23:41:41"
14.629889669007023,"2021-08-25 17:02:12","2021-08-25 17:02:12"
299.0,"2020-03-25 03:10:39","2020-03-25 03:10:39"
8.527582748244734,"2021-08-25 17:02:12","2021-08-25 17:02:12"
144.4924924924925,"2020-02-06 10:44:32","2020-02-06 10:44:32"
597.0,"2020-10-12 22:11:47","2020-10-12 22:11:47"
303.26626626626626,"2021-12-01 23:28:01","2021-12-01 23:28:01"
32.0,"2020-10-31 09:48:45","2020-10-31 09:48:45"
378.0,"2020-11-18 23:49:06","2020-11-18 23:49:06"
195.3033033033033,"2021-02-08 06:19:27","2021-02-08 06:19:27"
838.0,"2021-10-03 04:23:25","2021-10-03 04:23:25"
652.0,"2020-11-24 11:13:35","2020-11-24 11:13:35"
8.0,"2020-05-01 19:20:16","2020-05-01 19:20:16"
244.0,"2021-02-08 06:19:27","2021-02-08 06:19:27"
874.0,"2021-09-29 01:03:17","2021-09-29 01:03:17"
168.0,"2020-11-24 11:13:35","2020-11-24 11:13:35"
989.0,"2021-08-24 23:41:41","2021-08-24 23:41:41"
236.0,"2020-11-24 11:13:35","2020-11-24 11:13:35"
378.46646646646644,"2020-02-04 12:17:30","2020-02-04 12:17:30"
745.7319277108434,"2020-08-06 14:24:07","2020-08-06 14:24:07"
238.0,"2020-12-04 15:57:14","2020-12-04 15:57:14"
253.062124248497,"2021-03-07 01:35:23","2021-03-07 01:35:23"
13.482447342026077,"2021-08-25 17:02:12","2021-08-25 17:02:12"
526.3937875751503,"2021-03-07 01:35:23","2021-03-07 01:35:23"
192.0,"2020-08-19 22:37:42","2020-08-19 22:37:42"
457.0,"2021-12-26 01:37:35","2021-12-26 01:37:35"
226.15515515515517,"2020-04-04 13:48:21","2020-04-04 13:48:21"
499.0,"2020-11-10 08:12:17","2020-11-10 08:12:17"
310.7995991983968,"2021-03-07 01:35:23","2021-03-07 01:35:23"
106.43243243243244,"2021-05-24 07:09:30","2021-05-24 07:09:30"
400.46046046046047,"2021-11-25 17:55:51","2021-11-25 17:55:51"
413.0,"2020-10-31 09:48:45","2020-10-31 09:48:45"
438.0,"2020-02-19 14:30:14","2020-02-19 14:30:14"
275.0,"2021-03-26 18:03:45","2021-03-26 18:03:45"
495.0,"2020-08-12 20:35:59","2020-08-12 20:35:59"
660.0,"2020-10-12 22:11:47","2020-10-12 22:11:47"
14.0,"2020-12-13 05:22:34","2020-12-13 05:22:34"
721.0,"2020-08-16 02:17:09","2020-08-16 02:17:09"
144.016016016016,"2020-11-18 23:49:06","2020-11-18 23:49:06"
43.0,"2020-07-31 16:06:54","2020-07-31 16:06:54"
21.013013013013012,"2020-11-18 23:49:06","2020-11-18 23:49:06"
612.0,"2021-12-06 20:11:54","2021-12-06 20:11:54"
266.7147147147147,"2020-04-24 09:39:56","2020-04-24 09:39:56"
182.32132132132134,"2020-11-05 16:15:50","2020-11-05 16:15:50"
5.63063063063063,"2020-02-16 18:40:13","2020-02-16 18:40:13"
8.64864864864865,"2021-07-13 01:11:29","2021-07-13 01:11:29"
169.17117117117118,"2021-06-03 21:09:03","2021-06-03 21:09:03"
838.0,"2020-07-19 00:54:55","2020-07-19 00:54:55"
60.0,"2020-01-10 12:49:25","2020-01-10 12:49:25"
356.0,"2020-11-10 08:12:17","2020-11-10 08:12:17"
14.551654964894684,"2021-08-25 17:02:12","2021-08-25 17:02:12"
880.0,"2021-07-14 18:19:21","2021-07-14 18:19:21"
215.0,"2020-03-25 03:10:39","2020-03-25 03:10:39"
340.2014028056112,"2020-11-18 23:49:06","2020-11-18 23:49:06"
560.0,"2021-02-25 11:30:26","2021-02-25 11:30:26"
871.0,"2021-07-14 21:34:48","2021-07-14 21:34:48"
28.108324974924773,"2021-10-14 06:35:37","2021-10-14 06:35:37"
263.60821643286573,"2020-11-18 23:49:06","2020-11-18 23:49:06"
93.09309309309309,"2021-07-13 01:11:29","2021-07-13 01:11:29"
284.0,"2020-03-10 06:23:25","2020-03-10 06:23:25"
312.93293293293294,"2020-03-25 03:10:39","2020-03-25 03:10:39"
46.486486486486484,"2021-07-13 01:11:29","2021-07-13 01:11:29"
215.7297297297297,"2020-02-16 18:40:13","2020-02-16 18:40:13"
95.66366366366366,"2020-06-03 10:48:06","2020-06-03 10:48:06"
442.25825825825825,"2020-11-24 11:13:35","2020-11-24 11:13:35"
143.0,"2021-07-17 06:06:45","2021-07-17 06:06:45"
916.0,"2021-02-25 11:30:26","2021-02-25 11:30:26"
180.0,"2020-02-04 12:17:30","2020-02-04 12:17:30"
69.04404404404404,"2021-07-13 01:11:29","2021-07-13 01:11:29"
639.004004004004,"2020-03-21 05:55:18","2020-03-21 05:55:18"
14.0,"2020-09-07 06:50:13","2020-09-07 06:50:13"
388.0,"2020-11-24 11:13:35","2020-11-24 11:13:35"
902.0,"2020-03-15 03:20:49","2020-03-15 03:20:49"
279.0,"2021-07-19 07:11:45","2021-07-19 07:11:45"
302.0,"2020-08-16 02:17:09","2020-08-16 02:17:09"
466.0,"2021-03-07 01:35:23","2021-03-07 01:35:23"
765.0,"2021-02-06 09:38:02","2021-02-06 09:38:02"
862.0,"2021-02-25 11:30:26","2021-02-25 11:30:26"
593.0,"2020-12-13 05:22:34","2020-12-13 05:22:34"
53.253253253253256,"2021-07-14 18:19:21","2021-07-14 18:19:21"
19.323323323323326,"2020-02-19 14:30:14","2020-02-19 14:30:14"
640.7357357357357,"2020-02-16 18:40:13","2020-02-16 18:40:13"
209.66900702106318,"2020-07-31 16:06:54","2020-07-31 16:06:54"
143.0,"2020-02-16 18:40:13","2020-02-16 18:40:13"
79.57157157157157,"2020-02-04 12:17:30","2020-02-04 12:17:30"
477.0,"2021-07-19 07:11:45","2021-07-19 07:11:45"
820.0,"2020-07-06 22:31:20","2020-07-06 22:31:20"
861.0,"2020-04-04 13:48:21","2020-04-04 13:48:21"
113.0,"2021-11-25 17:55:51","2021-11-25 17:55:51"
409.0,"2020-09-28 14:22:52","2020-09-28 14:22:52"
18.3993993993994,"2020-11-05 16:15:50","2020-11-05 16:15:50"
398.0,"2021-10-14 05:50:21","2021-10-14 05:50:21"
7.415415415415415,"2020-02-19 14:30:14","2020-02-19 14:30:14"
657.0,"2020-05-01 19:20:16","2020-05-01 19:20:16"
719.0,"2021-05-16 02:34:37","2021-05-16 02:34:37"
51.621485943775106,"2020-08-06 14:24:07","2020-08-06 14:24:07"
254.61861861861863,"2020-04-04 13:48:21","2020-04-04 13:48:21"
456.0,"2020-08-16 02:17:09","2020-08-16 02:17:09"
193.24024024024024,"2021-06-03 21:09:03","2021-06-03 21:09:03"
607.0,"2020-12-03 19:48:07","2020-12-03 19:48:07"
786.0,"2021-05-16 02:34:37","2021-05-16 02:34:37"
61.78378378378379,"2020-02-19 14:30:14","2020-02-19 14:30:14"
313.45845845845844,"2020-03-21 05:55:18","2020-03-21 05:55:18"
925.0,"2020-11-24 11:13:35","2020-11-24 11:13:35"
667.7837837837837,"2021-02-08 06:19:27","2021-02-08 06:19:27"
140.0,"2020-11-24 11:13:35","2020-11-24 11:13:35"
728.0,"2021-02-08 06:19:27","2021-02-08 06:19:27"
405.0,"2020-02-16 18:40:13","2020-02-16 18:40:13"
727.0,"2021-04-27 08:54:06","2021-04-27 08:54:06"
340.9189189189189,"2021-10-29 07:37:45","2021-10-29 07:37:45"
48.0,"2021-02-25 11:30:26","2021-02-25 11:30:26"
536.0,"2020-03-21 05:55:18","2020-03-21 05:55:18"
500.13913913913916,"2021-08-24 23:41:41","2021-08-24 23:41:41"
100.81181181181181,"2020-02-19 14:30:14","2020-02-19 14:30:14"
481.0,"2021-12-26 01:37:35","2021-12-26 01:37:35"
55.2042042042042,"2020-02-16 18:40:13","2020-02-16 18:40:13"
412.0,"2020-03-10 06:23:25","2020-03-10 06:23:25"
110.39539539539538,"2020-03-21 05:55:18","2020-03-21 05:55:18"
161.0,"2021-08-24 23:41:41","2021-08-24 23:41:41"
258.17452357071215,"2020-07-31 16:06:54","2020-07-31 16:06:54"
84.05205205205205,"2020-11-18 23:49:06","2020-11-18 23:49:06"
823.0,"2020-07-31 16:06:54","2020-07-31 16:06:54"
794.0,"2021-07-19 07:11:45","2021-07-19 07:11:45"
647.0,"2021-07-17 06:06:45","2021-07-17 06:06:45"
942.0,"2021-07-17 06:06:45","2021-07-17 06:06:45"
348.5915915915916,"2020-10-06 02:51:38","2020-10-06 02:51:38"
592.0,"2020-10-12 22:11:47","2020-10-12 22:11:47"
45.07815631262525,"2020-11-05 00:47:33","2020-11-05 00:47:33"
813.0,"2020-07-31 16:06:54","2020-07-31 16:06:54"
267.0,"2021-03-01 06:22:45","2021-03-01 06:22:45"
132.0,"2020-06-23 17:41:29","2020-06-23 17:41:29"
424.0,"2020-01-10 12:49:25","2020-01-10 12:49:25"
101.0,"2020-12-09 15:28:59","2020-12-09 15:28:59"
239.0,"2020-02-19 14:30:14","2020-02-19 14:30:14"
845.0,"2021-07-14 21:34:48","2021-07-14 21:34:48"
40.68068068068068,"2020-02-19 14:30:14","2020-02-19 14:30:14"
303.61561561561564,"2021-02-08 06:19:27","2021-02-08 06:19:27"
433.0,"2021-07-14 21:34:48","2021-07-14 21:34:48"
630.0,"2020-03-10 06:23:25","2020-03-10 06:23:25"
9.0,"2021-07-14 18:19:21","2021-07-14 18:19:21"
941.0,"2021-11-25 17:55:51","2021-11-25 17:55:51"
222.0,"2020-01-10 12:49:25","2020-01-10 12:49:25"
258.978978978979,"2020-03-25 03:10:39","2020-03-25 03:10:39"
49.0,"2021-11-25 17:55:51","2021-11-25 17:55:51"
771.0,"2021-02-25 11:30:26","2021-02-25 11:30:26"
389.0,"2020-01-10 12:49:25","2020-01-10 12:49:25"
916.0,"2021-10-28 06:02:36","2021-10-28 06:02:36"
63.88376753507014,"2020-11-05 00:47:33","2020-11-05 00:47:33"
611.0,"2020-11-10 08:12:17","2020-11-10 08:12:17"
666.6166166166166,"2020-08-16 02:17:09","2020-08-16 02:17:09"
414.0,"2020-08-12 20:35:59","2020-08-12 20:35:59"
846.0,"2021-12-01 23:28:01","2021-12-01 23:28:01"
258.0,"2020-11-10 08:12:17","2020-11-10 08:12:17"
10.952858575727182,"2020-07-31 16:06:54","2020-07-31 16:06:54"
289.0,"2020-06-23 17:41:29","2020-06-23 17:41:29"
389.16216216216213,"2021-10-29 07:37:45","2021-10-29 07:37:45"
98.93893893893895,"2020-05-01 19:20:16","2020-05-01 19:20:16"
557.0,"2021-08-05 04:36:47","2021-08-05 04:36:47"
559.0,"2021-06-25 10:01:16","2021-06-25 10:01:16"
236.62662662662663,"2020-03-25 03:10:39","2020-03-25 03:10:39"
19.427855711422847,"2020-11-05 00:47:33","2020-11-05 00:47:33"
749.0,"2020-03-21 05:55:18","2020-03-21 05:55:18"
38.0,"2021-08-30 02:51:48","2021-08-30 02:51:48"
769.0,"2021-08-24 23:41:41","2021-08-24 23:41:41"
865.0,"2020-04-24 09:39:56","2020-04-24 09:39:56"
686.0,"2020-10-31 09:48:45","2020-10-31 09:48:45"
206.0,"2021-10-28 06:02:36","2021-10-28 06:02:36"
753.0,"2020-08-16 02:17:09","2020-08-16 02:17:09"
612.0,"2020-08-12 20:35:59","2020-08-12 20:35:59"
241.23123123123125,"2020-07-31 16:06:54","2020-07-31 16:06:54"
55.81563126252505,"2020-12-13 05:22:34","2020-12-13 05:22:34"
768.4569138276554,"2020-11-18 23:49:06","2020-11-18 23:49:06"
613.0,"2020-10-06 02:51:38","2020-10-06 02:51:38"
66.0,"2020-10-26 08:53:17","2020-10-26 08:53:17"
256.0100200400802,"2020-01-29 02:20:50","2020-01-29 02:20:50"
675.0,"2020-12-13 05:22:34","2020-12-13 05:22:34"
134.0,"2020-03-10 06:23:25","2020-03-10 06:23:25"
228.0,"2021-05-21 13:51:32","2021-05-21 13:51:32"
734.5445445445446,"2020-03-25 03:10:39","2020-03-25 03:10:39"
767.0,"2020-12-21 12:07:19","2020-12-21 12:07:19"
148.55855855855856,"2021-10-03 20:45:06","2021-10-03 20:45:06"
637.7238955823293,"2020-08-06 14:24:07","2020-08-06 14:24:07"
76.51951951951952,"2020-02-16 18:40:13","2020-02-16 18:40:13"
544.0,"2020-09-07 06:50:13","2020-09-07 06:50:13"
456.0,"2021-07-14 18:19:21","2021-07-14 18:19:21"
23.805805805805807,"2020-04-04 13:48:21","2020-04-04 13:48:21"
679.0,"2020-10-26 08:53:17","2020-10-26 08:53:17"
35.27354709418837,"2020-09-07 06:50:13","2020-09-07 06:50:13"
31.0,"2021-10-03 04:23:25","2021-10-03 04:23:25"
996.0,"2021-12-01 23:28:01","2021-12-01 23:28:01"
327.51402805611224,"2020-09-07 06:50:13","2020-09-07 06:50:13"
114.0,"2020-01-29 02:20:50","2020-01-29 02:20:50"
942.0,"2020-03-15 03:20:49","2020-03-15 03:20:49"
34.0,"2021-08-25 17:02:12","2021-08-25 17:02:12"
30.831663326653306,"2020-03-21 05:55:18","2020-03-21 05:55:18"
236.0,"2020-05-01 19:20:16","2020-05-01 19:20:16"
121.15215215215215,"2020-02-19 14:30:14","2020-02-19 14:30:14"
15.927927927927929,"2021-07-13 01:11:29","2021-07-13 01:11:29"
128.0,"2020-03-10 06:23:25","2020-03-10 06:23:25"
649.0,"2020-11-24 11:13:35","2020-11-24 11:13:35"
109.0,"2020-02-06 10:44:32","2020-02-06 10:44:32"
920.0,"2020-02-19 03:02:01","2020-02-19 03:02:01"
435.30330330330327,"2020-02-04 12:17:30","2020-02-04 12:17:30"
441.0,"2020-02-18 20:23:38","2020-02-18 20:23:38"
599.0,"2021-07-14 18:19:21","2021-07-14 18:19:21"
260.0,"2020-08-16 02:17:09","2020-08-16 02:17:09"
271.0,"2020-08-12 20:35:59","2020-08-12 20:35:59"
362.0,"2020-07-31 16:06:54","2020-07-31 16:06:54"
485.0,"2020-07-06 22:31:20","2020-07-06 22:31:20"
328.39639639639637,"2020-08-16 02:17:09","2020-08-16 02:17:09"
116.26126126126127,"2020-07-31 16:06:54","2020-07-31 16:06:54"
147.0,"2020-12-21 12:07:19","2020-12-21 12:07:19"
381.5315315315315,"2020-03-25 03:10:39","2020-03-25 03:10:39"
372.0,"2020-07-31 16:06:54","2020-07-31 16:06:54"
174.0,"2021-10-14 06:35:37","2021-10-14 06:35:37"
69.25725725725725,"2020-05-01 19:20:16","2020-05-01 19:20:16"
856.0,"2021-12-30 08:21:07","2021-12-30 08:21:07"
734.3063063063063,"2021-02-08 06:19:27","2021-02-08 06:19:27"
0.5891783567134269,"2021-10-03 04:23:25","2021-10-03 04:23:25"
23.263263263263262,"2021-07-14 21:34:48","2021-07-14 21:34:48"
815.0,"2020-03-10 06:23:25","2020-03-10 06:23:25"
577.7297297297298,"2020-02-04 12:17:30","2020-02-04 12:17:30"
744.0,"2021-12-19 01:11:44","2021-12-19 01:11:44"
415.64764764764766,"2020-11-18 23:49:06","2020-11-18 23:49:06"
147.21042084168337,"2020-11-18 23:49:06","2020-11-18 23:49:06"
16.08108108108108,"2021-07-14 21:34:48","2021-07-14 21:34:48"
948.0,"2020-07-19 00:54:55","2020-07-19 00:54:55"
390.0,"2020-03-10 06:23:25","2020-03-10 06:23:25"
733.0,"2020-02-16 18:40:13","2020-02-16 18:40:13"
285.0,"2020-12-04 15:57:14","2020-12-04 15:57:14"
11.552657973921765,"2021-08-25 17:02:12","2021-08-25 17:02:12"
87.0,"2021-07-14 21:34:48","2021-07-14 21:34:48"
20.46746746746747,"2020-02-19 14:30:14","2020-02-19 14:30:14"
732.8288288288288,"2020-11-24 11:13:35","2020-11-24 11:13:35"
413.0,"2020-10-26 08:53:17","2020-10-26 08:53:17"
634.2822822822823,"2020-02-16 18:40:13","2020-02-16 18:40:13"
597.2208835341365,"2020-08-06 14:24:07","2020-08-06 14:24:07"
13.0,"2021-09-13 22:40:35","2021-09-13 22:40:35"
344.2192192192192,"2020-02-16 18:40:13","2020-02-16 18:40:13"
623.0,"2021-02-08 06:19:27","2021-02-08 06:19:27"
782.0,"2020-11-16 19:33:58","2020-11-16 19:33:58"
230.01003009027082,"2020-07-31 16:06:54","2020-07-31 16:06:54"
25.530591775325977,"2021-08-25 17:02:12","2021-08-25 17:02:12"
68.08108108108108,"2021-06-03 21:09:03","2021-06-03 21:09:03"
723.2072072072073,"2021-02-25 11:30:26","2021-02-25 11:30:26"
172.33333333333331,"2020-04-04 13:48:21","2020-04-04 13:48:21"
141.96696696696696,"2021-07-13 01:11:29","2021-07-13 01:11:29"
555.0,"2020-08-06 14:24:07","2020-08-06 14:24:07"
7.7357357357357355,"2020-02-19 14:30:14","2020-02-19 14:30:14"
482.0,"2021-04-27 08:54:06","2021-04-27 08:54:06"
352.5485485485485,"2021-08-24 23:41:41","2021-08-24 23:41:41"
220.71042084168337,"2021-12-26 01:37:35","2021-12-26 01:37:35"
410.8868868868869,"2021-12-01 23:28:01","2021-12-01 23:28:01"
886.0,"2020-10-26 08:53:17","2020-10-26 08:53:17"
660.0,"2021-07-14 21:34:48","2021-07-14 21:34:48"
389.0,"2021-09-21 16:02:17","2021-09-21 16:02:17"
32.792792792792795,"2021-07-13 01:11:29","2021-07-13 01:11:29"
385.0,"2020-02-19 14:30:14","2020-02-19 14:30:14"
265.46146146146145,"2020-02-04 12:17:30","2020-02-04 12:17:30"
906.0,"2021-06-03 21:09:03","2021-06-03 21:09:03"
774.0,"2020-10-16 10:08:34","2020-10-16 10:08:34"
312.8918918918919,"2021-10-29 07:37:45","2021-10-29 07:37:45"
426.8176352705411,"2020-11-18 23:49:06","2020-11-18 23:49:06"
109.0,"2020-04-24 09:39:56","2020-04-24 09:39:56"
266.0,"2020-11-18 23:49:06","2020-11-18 23:49:06"
23.543086172344687,"2020-12-13 05:22:34","2020-12-13 05:22:34"
545.0,"2020-02-18 20:23:38","2020-02-18 20:23:38"
11.568706118355065,"2020-02-04 12:17:30","2020-02-04 12:17:30"
668.0,"2020-09-07 06:50:13","2020-09-07 06:50:13"
907.0,"2021-11-25 17:55:51","2021-11-25 17:55:51"
335.0,"2020-04-01 00:59:12","2020-04-01 00:59:12"
778.4353059177533,"2020-07-31 16:06:54","2020-07-31 16:06:54"
774.0,"2020-08-12 20:35:59","2020-08-12 20:35:59"
408.55655655655653,"2020-02-04 12:17:30","2020-02-04 12:17:30"
420.0,"2021-02-08 06:19:27","2021-02-08 06:19:27"
272.7317317317317,"2020-04-04 13:48:21","2020-04-04 13:48:21"
267.55655655655653,"2020-04-04 13:48:21","2020-04-04 13:48:21"
40.06412825651303,"2021-12-26 01:37:35","2021-12-26 01:37:35"
744.0,"2020-11-10 08:12:17","2020-11-10 08:12:17"
815.0,"2021-12-06 20:11:54","2021-12-06 20:11:54"
21.187187187187188,"2020-11-05 16:15:50","2020-11-05 16:15:50"
14.504504504504505,"2020-03-21 05:55:18","2020-03-21 05:55:18"
302.43343343343344,"2020-08-16 02:17:09","2020-08-16 02:17:09"
139.0,"2021-12-26 01:37:35","2021-12-26 01:37:35"
745.0,"2020-12-09 15:28:59","2020-12-09 15:28:59"
526.0,"2020-08-27 05:07:50","2020-08-27 05:07:50"
939.0,"2020-12-13 05:22:34","2020-12-13 05:22:34"
142.0,"2020-01-29 02:20:50","2020-01-29 02:20:50"
548.0790790790791,"2020-11-05 16:15:50","2020-11-05 16:15:50"
155.38738738738738,"2020-06-03 10:48:06","2020-06-03 10:48:06"
73.0,"2020-10-12 22:11:47","2020-10-12 22:11:47"
417.24924924924926,"2020-08-06 14:24:07","2020-08-06 14:24:07"
197.4074074074074,"2021-09-13 22:40:35","2021-09-13 22:40:35"
136.16933867735472,"2020-01-29 02:20:50","2020-01-29 02:20:50"
146.0,"2020-10-12 22:11:47","2020-10-12 22:11:47"
107.43343343343342,"2021-08-24 23:41:41","2021-08-24 23:41:41"
962.0,"2020-09-07 06:50:13","2020-09-07 06:50:13"
320.0,"2021-02-27 14:29:37","2021-02-27 14:29:37"
17.077154308617235,"2020-11-05 00:47:33","2020-11-05 00:47:33"
658.0,"2020-01-10 12:49:25","2020-01-10 12:49:25"
656.9849849849851,"2020-11-24 11:13:35","2020-11-24 11:13:35"
96.93787575150301,"2021-02-27 14:29:37","2021-02-27 14:29:37"
230.0,"2021-07-19 07:11:45","2021-07-19 07:11:45"
317.0,"2020-11-18 23:49:06","2020-11-18 23:49:06"
99.42742742742743,"2020-11-18 23:49:06","2020-11-18 23:49:06"
411.8988988988989,"2020-08-16 02:17:09","2020-08-16 02:17:09"
321.0,"2020-03-25 03:10:39","2020-03-25 03:10:39"
97.0,"2021-07-13 01:11:29","2021-07-13 01:11:29"
432.0,"2020-11-05 16:15:50","2020-11-05 16:15:50"
151.2565130260521,"2021-02-27 14:29:37","2021-02-27 14:29:37"
837.0,"2020-07-19 00:54:55","2020-07-19 00:54:55"
598.0,"2021-08-24 23:41:41","2021-08-24 23:41:41"
121.0,"2020-11-18 23:49:06","2020-11-18 23:49:06"
279.0,"2021-02-27 14:29:37","2021-02-27 14:29:37"
531.026026026026,"2020-03-21 05:55:18","2020-03-21 05:55:18"
486.0,"2020-07-19 00:54:55","2020-07-19 00:54:55"
688.2192192192192,"2020-02-19 14:30:14","2020-02-19 14:30:14"
246.0,"2020-09-08 14:36:51","2020-09-08 14:36:51"
846.0,"2021-02-08 06:19:27","2021-02-08 06:19:27"
48.62462462462463,"2020-06-03 10:48:06","2020-06-03 10:48:06"
241.0,"2020-01-10 12:49:25","2020-01-10 12:49:25"
889.0,"2020-08-27 05:07:50","2020-08-27 05:07:50"
21.54954954954955,"2020-02-06 10:44:32","2020-02-06 10:44:32"
154.7787787787788,"2020-11-18 23:49:06","2020-11-18 23:49:06"
3.5335335335335336,"2021-12-26 01:37:35","2021-12-26 01:37:35"
45.572572572572575,"2020-11-18 23:49:06","2020-11-18 23:49:06"
303.2865731462926,"2020-09-07 06:50:13","2020-09-07 06:50:13"
506.3623623623624,"2020-11-18 23:49:06","2020-11-18 23:49:06"
1.3373373373373374,"2020-02-04 12:17:30","2020-02-04 12:17:30"
436.0,"2021-12-19 01:11:44","2021-12-19 01:11:44"
154.59919839679358,"2021-02-27 14:29:37","2021-02-27 14:29:37"
114.4864864864865,"2020-05-01 19:20:16","2020-05-01 19:20:16"
415.9219219219219,"2020-04-24 09:39:56","2020-04-24 09:39:56"
662.0,"2020-10-16 10:08:34","2020-10-16 10:08:34"
55.0,"2021-08-25 17:02:12","2021-08-25 17:02:12"
199.03711133400202,"2021-10-03 04:23:25","2021-10-03 04:23:25"
45.0,"2021-09-21 16:02:17","2021-09-21 16:02:17"
770.0,"2021-11-27 23:25:48","2021-11-27 23:25:48"
489.0,"2020-06-03 10:48:06","2020-06-03 10:48:06"
877.0,"2021-06-03 21:09:03","2021-06-03 21:09:03"
112.88888888888889,"2020-02-19 14:30:14","2020-02-19 14:30:14"
456.0,"2020-03-25 03:10:39","2020-03-25 03:10:39"
165.31362725450902,"2020-11-18 23:49:06","2020-11-18 23:49:06"
26.203406813627254,"2020-11-05 00:47:33","2020-11-05 00:47:33"
231.0,"2020-12-04 15:57:14","2020-12-04 15:57:14"
283.0,"2020-08-12 20:35:59","2020-08-12 20:35:59"
302.1421421421421,"2020-03-25 03:10:39","2020-03-25 03:10:39"
273.0,"2021-12-19 01:11:44","2021-12-19 01:11:44"
992.0,"2021-10-03 04:23:25","2021-10-03 04:23:25"
201.31431431431432,"2020-04-04 13:48:21","2020-04-04 13:48:21"
505.0,"2020-07-19 00:54:55","2020-07-19 00:54:55"
8.85985985985986,"2020-11-18 23:49:06","2020-11-18 23:49:06"
378.62462462462463,"2021-08-24 23:41:41","2021-08-24 23:41:41"
884.0,"2021-10-03 04:23:25","2021-10-03 04:23:25"
12.970970970970972,"2021-12-01 23:28:01","2021-12-01 23:28:01"
307.5375375375375,"2021-12-01 23:28:01","2021-12-01 23:28:01"
95.0,"2021-11-25 17:55:51","2021-11-25 17:55:51"
698.0,"2020-01-10 12:49:25","2020-01-10 12:49:25"
505.0,"2021-08-25 17:02:12","2021-08-25 17:02:12"
149.78178178178177,"2020-08-06 14:24:07","2020-08-06 14:24:07"
478.6306306306306,"2021-06-03 21:09:03","2021-06-03 21:09:03"
3.6276276276276276,"2020-02-19 14:30:14","2020-02-19 14:30:14"
5.301301301301302,"2020-02-19 14:30:14","2020-02-19 14:30:14"
380.6482965931864,"2021-02-27 14:29:37","2021-02-27 14:29:37"
96.0,"2020-03-25 03:10:39","2020-03-25 03:10:39"
37.18918918918919,"2021-07-13 01:11:29","2021-07-13 01:11:29"
304.0,"2020-03-25 03:10:39","2020-03-25 03:10:39"
551.5771543086172,"2021-03-07 01:35:23","2021-03-07 01:35:23"
144.66966966966967,"2021-09-13 22:40:35","2021-09-13 22:40:35"
961.0,"2020-09-08 14:36:51","2020-09-08 14:36:51"
43.11823647294589,"2020-12-13 05:22:34","2020-12-13 05:22:34"
132.57615230460922,"2020-03-21 05:55:18","2020-03-21 05:55:18"
5.923387096774194,"2021-06-03 21:09:03","2021-06-03 21:09:03"
43.219658976930795,"2021-10-14 06:35:37","2021-10-14 06:35:37"
393.6096096096096,"2020-11-18 23:49:06","2020-11-18 23:49:06"
499.95991983967934,"2020-11-18 23:49:06","2020-11-18 23:49:06"
103.25525525525525,"2020-02-16 18:40:13","2020-02-16 18:40:13"
62.98196392785571,"2020-01-29 02:20:50","2020-01-29 02:20:50"
968.0,"2020-11-18 23:49:06","2020-11-18 23:49:06"
529.0,"2021-02-27 14:29:37","2021-02-27 14:29:37"
279.984984984985,"2020-07-31 16:06:54","2020-07-31 16:06:54"
146.42642642642645,"2020-02-06 10:44:32","2020-02-06 10:44:32"
881.0,"2020-12-09 15:28:59","2020-12-09 15:28:59"
794.0,"2020-12-21 12:07:19","2020-12-21 12:07:19"
144.0,"2020-04-04 13:48:21","2020-04-04 13:48:21"
298.8708708708709,"2021-05-24 07:09:30","2021-05-24 07:09:30"
20.0,"2020-02-18 20:23:38","2020-02-18 20:23:38"
448.0,"2020-03-10 06:23:25","2020-03-10 06:23:25"
52.0,"2021-07-14 18:19:21","2021-07-14 18:19:21"
100.97097097097097,"2020-03-25 03:10:39","2020-03-25 03:10:39"
6.0,"2020-03-01 01:43:05","2020-03-01 01:43:05"
283.0,"2021-11-25 17:55:51","2021-11-25 17:55:51"
797.0,"2020-10-12 22:11:47","2020-10-12 22:11:47"
762.0,"2020-07-31 16:06:54","2020-07-31 16:06:54"
416.0,"2020-12-03 19:48:07","2020-12-03 19:48:07"
603.8588588588589,"2020-02-16 18:40:13","2020-02-16 18:40:13"
790.0,"2020-08-16 02:17:09","2020-08-16 02:17:09"
501.82182182182186,"2021-11-25 17:55:51","2021-11-25 17:55:51"
147.56756756756758,"2020-04-24 09:39:56","2020-04-24 09:39:56"
631.0,"2020-08-06 14:24:07","2020-08-06 14:24:07"
872.0,"2021-07-17 06:06:45","2021-07-17 06:06:45"
739.0,"2020-03-15 03:20:49","2020-03-15 03:20:49"
378.1031031031031,"2021-08-24 23:41:41","2021-08-24 23:41:41"
449.3453453453454,"2020-08-06 14:24:07","2020-08-06 14:24:07"
275.0,"2020-02-04 12:17:30","2020-02-04 12:17:30"
645.0,"2021-08-05 04:36:47","2021-08-05 04:36:47"
125.83083083083083,"2021-07-13 01:11:29","2021-07-13 01:11:29"
444.51851851851853,"2020-05-01 19:20:16","2020-05-01 19:20:16"
0.5765765765765766,"2020-02-19 14:30:14","2020-02-19 14:30:14"
215.0,"2020-06-03 10:48:06","2020-06-03 10:48:06"
438.0,"2021-02-25 11:30:26","2021-02-25 11:30:26"
322.0,"2020-08-06 14:24:07","2020-08-06 14:24:07"
289.7897897897898,"2020-02-16 18:40:13","2020-02-16 18:40:13"
308.0,"2020-10-26 08:53:17","2020-10-26 08:53:17"
399.0,"2021-02-08 06:19:27","2021-02-08 06:19:27"
248.1981981981982,"2020-07-31 16:06:54","2020-07-31 16:06:54"
334.0,"2020-11-16 19:33:58","2020-11-16 19:33:58"
393.0,"2021-07-21 23:44:58","2021-07-21 23:44:58"
507.0,"2020-12-21 12:07:19","2020-12-21 12:07:19"
581.0,"2020-05-01 19:20:16","2020-05-01 19:20:16"
934.0,"2020-02-16 18:40:13","2020-02-16 18:40:13"
0.5935935935935935,"2020-02-16 18:40:13","2020-02-16 18:40:13"
817.0,"2020-01-29 02:20:50","2020-01-29 02:20:50"
313.1763527054108,"2020-09-07 06:50:13","2020-09-07 06:50:13"
491.0,"2020-06-03 10:48:06","2020-06-03 10:48:06"
2.6276276276276276,"2021-07-14 21:34:48","2021-07-14 21:34:48"
799.0,"2021-06-03 21:09:03","2021-06-03 21:09:03"
214.23023023023023,"2020-11-18 23:49:06","2020-11-18 23:49:06"
268.0,"2020-08-12 20:35:59","2020-08-12 20:35:59"
447.0,"2021-02-06 09:38:02","2021-02-06 09:38:02"
185.27127127127125,"2020-04-04 13:48:21","2020-04-04 13:48:21"
122.0,"2021-11-25 17:55:51","2021-11-25 17:55:51"
541.9459459459459,"2020-11-05 16:15:50","2020-11-05 16:15:50"
312.84684684684686,"2021-05-24 07:09:30","2021-05-24 07:09:30"
356.0,"2020-11-24 11:13:35","2020-11-24 11:13:35"
654.0,"2021-09-29 01:03:17","2021-09-29 01:03:17"
127.54154154154155,"2020-12-09 15:28:59","2020-12-09 15:28:59"
6.0,"2021-10-14 05:50:21","2021-10-14 05:50:21"
371.0,"2021-06-03 21:09:03","2021-06-03 21:09:03"
488.0,"2021-09-21 16:02:17","2021-09-21 16:02:17"
400.0,"2020-01-29 02:20:50","2020-01-29 02:20:50"
257.13426853707415,"2020-09-07 06:50:13","2020-09-07 06:50:13"
903.0,"2020-08-16 02:17:09","2020-08-16 02:17:09"
166.0,"2021-02-06 09:38:02","2021-02-06 09:38:02"
463.0,"2021-04-27 08:54:06","2021-04-27 08:54:06"
53.87387387387387,"2020-02-06 10:44:32","2020-02-06 10:44:32"
121.57214428857715,"2020-09-07 06:50:13","2020-09-07 06:50:13"
513.2982982982983,"2020-03-21 05:55:18","2020-03-21 05:55:18"
168.62262262262263,"2021-12-01 23:28:01","2021-12-01 23:28:01"
642.0,"2020-03-21 05:55:18","2020-03-21 05:55:18"
76.93693693693693,"2021-02-25 11:30:26","2021-02-25 11:30:26"
308.0,"2021-10-03 20:45:06","2021-10-03 20:45:06"
615.0,"2020-08-16 02:17:09","2020-08-16 02:17:09"
974.0,"2020-04-24 09:39:56","2020-04-24 09:39:56"
732.0,"2020-05-01 19:20:16","2020-05-01 19:20:16"
5.0,"2021-08-05 04:36:47","2021-08-05 04:36:47"
205.0,"2021-12-01 23:28:01","2021-12-01 23:28:01"
582.982982982983,"2021-07-14 18:19:21","2021-07-14 18:19:21"
466.69069069069064,"2020-06-03 10:48:06","2020-06-03 10:48:06"
986.0,"2020-01-10 12:49:25","2020-01-10 12:49:25"
20.257515030060123,"2020-11-05 00:47:33","2020-11-05 00:47:33"
367.0,"2020-09-08 14:36:51","2020-09-08 14:36:51"
12.609218436873748,"2020-12-13 05:22:34","2020-12-13 05:22:34"
807.0,"2021-05-16 02:34:37","2021-05-16 02:34:37"
403.0,"2021-08-30 02:51:48","2021-08-30 02:51:48"
105.88376753507015,"2021-12-26 01:37:35","2021-12-26 01:37:35"
81.43543543543544,"2020-04-24 09:39:56","2020-04-24 09:39:56"
381.6756756756757,"2020-02-16 18:40:13","2020-02-16 18:40:13"
62.38238238238239,"2021-09-13 22:40:35","2021-09-13 22:40:35"
999.0,"2020-07-31 16:06:54","2020-07-31 16:06:54"
481.26726726726724,"2021-12-26 01:37:35","2021-12-26 01:37:35"
739.0,"2020-02-19 14:30:14","2020-02-19 14:30:14"
670.0,"2020-12-09 15:28:59","2020-12-09 15:28:59"
335.61561561561564,"2020-06-03 10:48:06","2020-06-03 10:48:06"
930.0,"2020-07-31 16:06:54","2020-07-31 16:06:54"
297.0,"2021-07-14 21:34:48","2021-07-14 21:34:48"
427.0,"2021-08-05 04:36:47","2021-08-05 04:36:47"
471.66966966966964,"2020-04-24 09:39:56","2020-04-24 09:39:56"
36.532128514056225,"2020-08-06 14:24:07","2020-08-06 14:24:07"
49.0,"2020-01-29 02:20:50","2020-01-29 02:20:50"
249.0,"2020-12-13 05:22:34","2020-12-13 05:22:34"
623.0,"2020-10-31 09:48:45","2020-10-31 09:48:45"
907.0,"2021-02-25 11:30:26","2021-02-25 11:30:26"
642.0,"2020-11-18 23:49:06","2020-11-18 23:49:06"
277.57314629258514,"2020-09-07 06:50:13","2020-09-07 06:50:13"
703.0,"2021-07-14 21:34:48","2021-07-14 21:34:48"
76.77855711422845,"2021-03-07 01:35:23","2021-03-07 01:35:23"
252.69809428284853,"2020-07-31 16:06:54","2020-07-31 16:06:54"
6.0,"2021-02-25 11:30:26","2021-02-25 11:30:26"
413.0,"2021-02-08 06:19:27","2021-02-08 06:19:27"
309.80942828485456,"2020-07-31 16:06:54","2020-07-31 16:06:54"
913.0,"2020-12-03 19:48:07","2020-12-03 19:48:07"
616.0,"2020-08-27 05:07:50","2020-08-27 05:07:50"
2.041082164328657,"2020-01-29 02:20:50","2020-01-29 02:20:50"
231.22545090180358,"2020-01-29 02:20:50","2020-01-29 02:20:50"
536.0,"2020-03-25 03:10:39","2020-03-25 03:10:39"
294.88376753507015,"2020-11-18 23:49:06","2020-11-18 23:49:06"
211.0,"2020-04-04 13:48:21","2020-04-04 13:48:21"
732.0,"2021-08-30 02:51:48","2021-08-30 02:51:48"
18.44844844844845,"2021-10-03 20:45:06","2021-10-03 20:45:06"
131.96696696696696,"2020-04-04 13:48:21","2020-04-04 13:48:21"
330.66066066066065,"2020-03-25 03:10:39","2020-03-25 03:10:39"
635.0,"2020-04-01 00:59:12","2020-04-01 00:59:12"
676.0,"2020-03-01 01:43:05","2020-03-01 01:43:05"
636.2292292292293,"2021-12-01 23:28:01","2021-12-01 23:28:01"
193.0,"2021-06-25 10:01:16","2021-06-25 10:01:16"
25.36936936936937,"2020-06-03 10:48:06","2020-06-03 10:48:06"
184.0,"2020-08-06 14:24:07","2020-08-06 14:24:07"
234.0,"2020-08-16 02:17:09","2020-08-16 02:17:09"
67.58016032064128,"2020-09-07 06:50:13","2020-09-07 06:50:13"
348.8618618618619,"2021-05-24 07:09:30","2021-05-24 07:09:30"
281.5095095095095,"2020-08-06 14:24:07","2020-08-06 14:24:07"
242.11711711711712,"2020-02-16 18:40:13","2020-02-16 18:40:13"
537.1382765531063,"2021-02-08 06:19:27","2021-02-08 06:19:27"
905.0,"2021-05-21 13:51:32","2021-05-21 13:51:32"
418.0,"2020-10-12 22:11:47","2020-10-12 22:11:47"
630.4904904904905,"2020-03-25 03:10:39","2020-03-25 03:10:39"
250.0,"2021-07-17 06:06:45","2021-07-17 06:06:45"
861.0,"2021-09-21 16:02:17","2021-09-21 16:02:17"
271.7117117117117,"2020-07-31 16:06:54","2020-07-31 16:06:54"
789.0,"2020-03-25 03:10:39","2020-03-25 03:10:39"
49.11911911911912,"2020-08-16 02:17:09","2020-08-16 02:17:09"
136.0,"2020-05-01 19:20:16","2020-05-01 19:20:16"
17.13213213213213,"2021-07-14 21:34:48","2021-07-14 21:34:48"
364.0,"2021-09-21 16:02:17","2021-09-21 16:02:17"
315.7917917917918,"2020-02-16 18:40:13","2020-02-16 18:40:13"
781.0,"2021-10-14 06:35:37","2021-10-14 06:35:37"
265.006006006006,"2021-05-24 07:09:30","2021-05-24 07:09:30"
515.0,"2020-01-10 12:49:25","2020-01-10 12:49:25"
283.0,"2020-08-16 02:17:09","2020-08-16 02:17:09"
16.02202202202202,"2020-11-18 23:49:06","2020-11-18 23:49:06"
33.35835835835836,"2021-07-13 01:11:29","2021-07-13 01:11:29"
829.0,"2020-05-01 19:20:16","2020-05-01 19:20:16"
66.0,"2020-11-24 11:13:35","2020-11-24 11:13:35"
512.9129129129129,"2021-02-25 11:30:26","2021-02-25 11:30:26"
864.0,"2020-03-25 03:10:39","2020-03-25 03:10:39"
606.2434869739479,"2021-03-07 01:35:23","2021-03-07 01:35:23"
686.0,"2020-02-19 03:02:01","2020-02-19 03:02:01"
617.8517034068136,"2020-11-18 23:49:06","2020-11-18 23:49:06"
251.20920920920918,"2020-08-16 02:17:09","2020-08-16 02:17:09"
330.5290581162325,"2020-11-18 23:49:06","2020-11-18 23:49:06"
341.0,"2020-11-05 16:15:50","2020-11-05 16:15:50"
605.0,"2020-02-19 14:30:14","2020-02-19 14:30:14"
44.70470470470471,"2020-03-25 03:10:39","2020-03-25 03:10:39"
43.133133133133136,"2021-07-13 01:11:29","2021-07-13 01:11:29"
304.8048048048048,"2020-07-31 16:06:54","2020-07-31 16:06:54"
0.6202404809619239,"2021-10-03 04:23:25","2021-10-03 04:23:25"
555.0,"2020-11-05 16:15:50","2020-11-05 16:15:50"
769.7297297297298,"2020-07-06 22:31:20","2020-07-06 22:31:20"
445.0,"2020-02-19 03:02:01","2020-02-19 03:02:01"
583.7477477477477,"2020-08-06 14:24:07","2020-08-06 14:24:07"
260.6746746746747,"2021-12-01 23:28:01","2021-12-01 23:28:01"
865.0,"2020-01-10 12:49:25","2020-01-10 12:49:25"
22.0,"2021-07-14 18:19:21","2021-07-14 18:19:21"
331.3873873873874,"2020-06-03 10:48:06","2020-06-03 10:48:06"
214.0,"2020-10-31 09:48:45","2020-10-31 09:48:45"
3.23370110330993,"2021-08-25 17:02:12","2021-08-25 17:02:12"
510.86286286286287,"2020-08-06 14:24:07","2020-08-06 14:24:07"
27.928857715430862,"2021-07-19 07:11:45","2021-07-19 07:11:45"
467.0,"2020-03-10 06:23:25","2020-03-10 06:23:25"
500.0,"2020-11-05 16:15:50","2020-11-05 16:15:50"
691.0,"2020-07-31 16:06:54","2020-07-31 16:06:54"
975.0,"2021-11-25 17:55:51","2021-11-25 17:55:51"
267.0,"2021-07-14 21:34:48","2021-07-14 21:34:48"
153.34569138276552,"2021-02-27 14:29:37","2021-02-27 14:29:37"
389.00501002004006,"2021-02-27 14:29:37","2021-02-27 14:29:37"
286.17234468937875,"2021-12-26 01:37:35","2021-12-26 01:37:35"
520.1361361361362,"2020-05-01 19:20:16","2020-05-01 19:20:16"
130.03403403403405,"2020-05-01 19:20:16","2020-05-01 19:20:16"
923.0,"2021-12-19 01:11:44","2021-12-19 01:11:44"
690.0,"2020-11-05 00:47:33","2020-11-05 00:47:33"
464.0,"2020-03-15 03:20:49","2020-03-15 03:20:49"
185.15715715715714,"2021-12-26 01:37:35","2021-12-26 01:37:35"
656.3763763763764,"2021-10-03 20:45:06","2021-10-03 20:45:06"
383.0,"2021-11-25 17:55:51","2021-11-25 17:55:51"
945.0,"2021-07-17 06:06:45","2021-07-17 06:06:45"
565.4654654654655,"2021-07-14 18:19:21","2021-07-14 18:19:21"
592.0,"2021-02-08 06:19:27","2021-02-08 06:19:27"
128.9488977955912,"2020-03-21 05:55:18","2020-03-21 05:55:18"
287.0,"2021-07-17 06:06:45","2021-07-17 06:06:45"
224.0,"2021-03-01 06:22:45","2021-03-01 06:22:45"
402.9029029029029,"2021-07-14 18:19:21","2021-07-14 18:19:21"
12.197394789579159,"2020-09-07 06:50:13","2020-09-07 06:50:13"
268.0,"2020-03-10 06:23:25","2020-03-10 06:23:25"
549.6796796796797,"2020-07-06 22:31:20","2020-07-06 22:31:20"
13.97897897897898,"2021-07-14 21:34:48","2021-07-14 21:34:48"
37.989989989989986,"2020-02-16 18:40:13","2020-02-16 18:40:13"
171.84784784784785,"2020-02-04 12:17:30","2020-02-04 12:17:30"
297.0,"2021-08-24 23:41:41","2021-08-24 23:41:41"
329.0,"2020-11-05 00:47:33","2020-11-05 00:47:33"
542.5525525525526,"2020-07-06 22:31:20","2020-07-06 22:31:20"
777.0,"2021-07-14 21:34:48","2021-07-14 21:34:48"
9.0,"2020-09-07 06:50:13","2020-09-07 06:50:13"
372.0,"2021-07-17 06:06:45","2021-07-17 06:06:45"
354.0,"2021-08-05 04:36:47","2021-08-05 04:36:47"
199.2985971943888,"2020-09-07 06:50:13","2020-09-07 06:50:13"
79.0,"2020-03-25 03:10:39","2020-03-25 03:10:39"
513.3773773773775,"2020-04-04 13:48:21","2020-04-04 13:48:21"
183.0,"2020-10-06 02:51:38","2020-10-06 02:51:38"
445.0,"2020-04-10 09:01:29","2020-04-10 09:01:29"
429.953953953954,"2020-02-04 12:17:30","2020-02-04 12:17:30"
382.0,"2021-10-14 05:50:21","2021-10-14 05:50:21"
741.6936936936937,"2020-11-24 11:13:35","2020-11-24 11:13:35"
319.0,"2020-12-21 12:07:19","2020-12-21 12:07:19"
514.0,"2020-03-10 06:23:25","2020-03-10 06:23:25"
156.0,"2020-08-16 02:17:09","2020-08-16 02:17:09"
633.0,"2021-02-25 11:30:26","2021-02-25 11:30:26"
33.4629258517034,"2020-11-05 00:47:33","2020-11-05 00:47:33"
28.0,"2021-08-30 02:51:48","2021-08-30 02:51:48"
9.984984984984985,"2021-07-14 21:34:48","2021-07-14 21:34:48"
191.2912912912913,"2021-07-14 18:19:21","2021-07-14 18:19:21"
271.2745490981964,"2020-11-18 23:49:06","2020-11-18 23:49:06"
53.91574724172517,"2021-10-14 06:35:37","2021-10-14 06:35:37"
425.0,"2020-02-19 03:02:01","2020-02-19 03:02:01"
564.0,"2020-03-21 05:55:18","2020-03-21 05:55:18"
295.0,"2021-10-28 06:02:36","2021-10-28 06:02:36"
278.49249249249254,"2021-08-24 23:41:41","2021-08-24 23:41:41"
212.92792792792793,"2020-07-31 16:06:54","2020-07-31 16:06:54"
380.0,"2021-07-14 21:34:48","2021-07-14 21:34:48"
497.0,"2021-12-01 23:28:01","2021-12-01 23:28:01"
855.0,"2020-12-04 15:57:14","2020-12-04 15:57:14"
638.0,"2021-07-14 18:19:21","2021-07-14 18:19:21"
163.0,"2020-12-09 15:28:59","2020-12-09 15:28:59"
495.0,"2021-02-06 09:38:02","2021-02-06 09:38:02"
18.773773773773776,"2021-07-13 01:11:29","2021-07-13 01:11:29"
359.0,"2020-06-03 10:48:06","2020-06-03 10:48:06"
368.0,"2020-03-04 10:22:20","2020-03-04 10:22:20"
368.3843843843844,"2020-06-03 10:48:06","2020-06-03 10:48:06"
707.0,"2020-03-04 10:22:20","2020-03-04 10:22:20"
619.0,"2021-08-24 23:41:41","2021-08-24 23:41:41"
996.0,"2021-12-06 20:11:54","2021-12-06 20:11:54"
29.35935935935936,"2021-07-14 21:34:48","2021-07-14 21:34:48"
336.73273273273276,"2020-02-19 14:30:14","2020-02-19 14:30:14"
171.0,"2021-07-14 21:34:48","2021-07-14 21:34:48"
62.047047047047045,"2020-03-21 05:55:18","2020-03-21 05:55:18"
261.0,"2021-12-26 01:37:35","2021-12-26 01:37:35"
232.63263263263264,"2021-07-14 18:19:21","2021-07-14 18:19:21"
839.0,"2020-11-10 08:12:17","2020-11-10 08:12:17"
554.0,"2021-07-14 21:34:48","2021-07-14 21:34:48"
463.0,"2020-04-24 09:39:56","2020-04-24 09:39:56"
934.0,"2020-04-24 09:39:56","2020-04-24 09:39:56"
147.0,"2021-12-19 01:11:44","2021-12-19 01:11:44"
126.22845691382766,"2020-03-21 05:55:18","2020-03-21 05:55:18"
839.0,"2020-08-16 02:17:09","2020-08-16 02:17:09"
9.0,"2020-02-04 12:17:30","2020-02-04 12:17:30"
679.8518518518518,"2021-12-26 01:37:35","2021-12-26 01:37:35"
867.0,"2021-02-08 06:19:27","2021-02-08 06:19:27"
347.0,"2021-11-25 17:55:51","2021-11-25 17:55:51"
786.0,"2020-10-31 09:48:45","2020-10-31 09:48:45"
86.41641641641642,"2021-10-03 20:45:06","2021-10-03 20:45:06"
448.0,"2021-06-03 21:09:03","2021-06-03 21:09:03"
573.6893787575151,"2021-03-07 01:35:23","2021-03-07 01:35:23"
122.0,"2020-10-12 22:11:47","2020-10-12 22:11:47"
852.0,"2021-08-30 02:51:48","2021-08-30 02:51:48"
209.83483483483485,"2020-02-16 18:40:13","2020-02-16 18:40:13"
239.0,"2020-12-21 12:07:19","2020-12-21 12:07:19"
12.122122122122123,"2021-07-14 21:34:48","2021-07-14 21:34:48"
296.0,"2020-11-24 11:13:35","2020-11-24 11:13:35"
0.0,"2020-01-10 12:49:25","2020-01-10 12:49:25"
224.62462462462463,"2020-06-03 10:48:06","2020-06-03 10:48:06"
251.0,"2020-03-21 05:55:18","2020-03-21 05:55:18"
900.0,"2021-09-29 01:03:17","2021-09-29 01:03:17"
506.0,"2021-08-30 02:51:48","2021-08-30 02:51:48"
98.23223223223223,"2020-05-01 19:20:16","2020-05-01 19:20:16"
103.0,"2020-02-19 03:02:01","2020-02-19 03:02:01"
799.0,"2020-08-16 02:17:09","2020-08-16 02:17:09"
81.56756756756756,"2021-08-25 17:02:12","2021-08-25 17:02:12"
747.9919839679359,"2021-02-08 06:19:27","2021-02-08 06:19:27"
596.0,"2021-02-08 06:19:27","2021-02-08 06:19:27"
494.1501501501502,"2020-02-16 18:40:13","2020-02-16 18:40:13"
358.0,"2020-10-26 08:53:17","2020-10-26 08:53:17"
347.0,"2021-07-14 21:34:48","2021-07-14 21:34:48"
381.6806806806807,"2020-02-16 18:40:13","2020-02-16 18:40:13"
15.608519269776878,"2020-07-19 00:54:55","2020-07-19 00:54:55"
10.02805611222445,"2021-02-27 14:29:37","2021-02-27 14:29:37"
30.970970970970974,"2021-07-14 21:34:48","2021-07-14 21:34:48"
462.0,"2020-09-07 06:50:13","2020-09-07 06:50:13"
962.0,"2021-11-25 17:55:51","2021-11-25 17:55:51"
134.75675675675677,"2021-08-25 17:02:12","2021-08-25 17:02:12"
229.7297297297297,"2020-02-16 18:40:13","2020-02-16 18:40:13"
107.2072072072072,"2021-07-14 18:19:21","2021-07-14 18:19:21"
553.0,"2021-07-17 06:06:45","2021-07-17 06:06:45"
515.0,"2021-06-03 21:09:03","2021-06-03 21:09:03"
930.0,"2020-08-12 20:35:59","2020-08-12 20:35:59"
366.06306306306305,"2021-05-24 07:09:30","2021-05-24 07:09:30"
682.6786786786787,"2021-12-26 01:37:35","2021-12-26 01:37:35"
523.0,"2020-03-10 06:23:25","2020-03-10 06:23:25"
871.0,"2021-02-25 11:30:26","2021-02-25 11:30:26"
0.5100200400801603,"2021-10-03 04:23:25","2021-10-03 04:23:25"
264.0,"2021-09-29 01:03:17","2021-09-29 01:03:17"
552.0,"2020-08-12 14:59:30","2020-08-12 14:59:30"
873.0,"2020-02-18 20:23:38","2020-02-18 20:23:38"
200.68668668668667,"2020-08-16 02:17:09","2020-08-16 02:17:09"
448.1122244488978,"2020-11-18 23:49:06","2020-11-18 23:49:06"
707.0,"2021-07-17 06:06:45","2021-07-17 06:06:45"
60.79614604462475,"2020-07-19 00:54:55","2020-07-19 00:54:55"
305.0,"2020-01-10 12:49:25","2020-01-10 12:49:25"
552.6426426426426,"2020-03-25 03:10:39","2020-03-25 03:10:39"
73.22322322322321,"2020-03-25 03:10:39","2020-03-25 03:10:39"
505.61461461461465,"2020-04-04 13:48:21","2020-04-04 13:48:21"
231.23123123123122,"2021-07-14 18:19:21","2021-07-14 18:19:21"
368.0,"2020-08-27 05:07:50","2020-08-27 05:07:50"
198.0,"2020-01-10 22:36:48","2020-01-10 22:36:48"
600.0,"2021-10-14 06:35:37","2021-10-14 06:35:37"
190.17017017017017,"2020-03-21 05:55:18","2020-03-21 05:55:18"
134.51951951951952,"2021-07-13 01:11:29","2021-07-13 01:11:29"
512.0,"2020-12-21 12:07:19","2020-12-21 12:07:19"
706.0,"2020-02-16 18:40:13","2020-02-16 18:40:13"
490.79879879879877,"2020-04-24 09:39:56","2020-04-24 09:39:56"
60.25877632898696,"2021-10-14 06:35:37","2021-10-14 06:35:37"
411.0501002004008,"2020-11-18 23:49:06","2020-11-18 23:49:06"
334.0,"2021-02-27 14:29:37","2021-02-27 14:29:37"
130.0,"2020-05-01 19:20:16","2020-05-01 19:20:16"
17.0,"2021-08-25 17:02:12","2021-08-25 17:02:12"
414.6046046046046,"2021-02-25 11:30:26","2021-02-25 11:30:26"
332.0,"2021-04-27 08:54:06","2021-04-27 08:54:06"
601.8258258258259,"2020-11-24 11:13:35","2020-11-24 11:13:35"
701.7597597597597,"2020-05-01 19:20:16","2020-05-01 19:20:16"
114.65465465465465,"2021-11-25 17:55:51","2021-11-25 17:55:51"
266.1402805611222,"2021-12-26 01:37:35","2021-12-26 01:37:35"
949.0,"2021-07-19 07:11:45","2021-07-19 07:11:45"
356.58534136546183,"2020-08-06 14:24:07","2020-08-06 14:24:07"
676.0,"2020-07-31 16:06:54","2020-07-31 16:06:54"
679.0,"2020-11-24 11:13:35","2020-11-24 11:13:35"
331.0,"2020-07-31 16:06:54","2020-07-31 16:06:54"
114.0,"2020-06-23 17:41:29","2020-06-23 17:41:29"
172.7807807807808,"2021-12-01 23:28:01","2021-12-01 23:28:01"
322.436873747495,"2021-02-08 06:19:27","2021-02-08 06:19:27"
509.2992992992993,"2021-11-25 17:55:51","2021-11-25 17:55:51"
102.76276276276276,"2020-07-31 16:06:54","2020-07-31 16:06:54"
150.0,"2020-10-06 02:51:38","2020-10-06 02:51:38"
138.0,"2021-02-08 06:19:27","2021-02-08 06:19:27"
28.54854854854855,"2021-07-13 01:11:29","2021-07-13 01:11:29"
1.4334334334334333,"2020-02-19 14:30:14","2020-02-19 14:30:14"
14.127254509018035,"2021-03-07 01:35:23","2021-03-07 01:35:23"
496.0,"2020-02-19 03:02:01","2020-02-19 03:02:01"
43.28356713426854,"2021-12-26 01:37:35","2021-12-26 01:37:35"
173.22522522522522,"2020-02-06 10:44:32","2020-02-06 10:44:32"
0.2082082082082082,"2020-02-19 14:30:14","2020-02-19 14:30:14"
509.0,"2020-08-27 05:07:50","2020-08-27 05:07:50"
430.0,"2020-02-19 14:30:14","2020-02-19 14:30:14"
390.0,"2021-10-03 20:45:06","2021-10-03 20:45:06"
352.0,"2021-06-03 21:09:03","2021-06-03 21:09:03"
56.0,"2020-11-24 11:13:35","2020-11-24 11:13:35"
508.0,"2020-07-31 16:06:54","2020-07-31 16:06:54"
114.92885771543087,"2020-09-07 06:50:13","2020-09-07 06:50:13"
50.58058058058057,"2021-07-13 01:11:29","2021-07-13 01:11:29"
714.0,"2020-02-19 03:02:01","2020-02-19 03:02:01"
401.15315315315314,"2020-06-03 10:48:06","2020-06-03 10:48:06"
39.054054054054056,"2021-10-29 07:37:45","2021-10-29 07:37:45"
921.0,"2021-07-17 06:06:45","2021-07-17 06:06:45"
638.0,"2021-08-24 23:41:41","2021-08-24 23:41:41"
44.0,"2021-02-27 14:29:37","2021-02-27 14:29:37"
198.0900900900901,"2020-02-06 10:44:32","2020-02-06 10:44:32"
567.6766766766766,"2020-08-16 02:17:09","2020-08-16 02:17:09"
102.0,"2020-02-04 12:17:30","2020-02-04 12:17:30"
307.1191191191191,"2021-12-01 23:28:01","2021-12-01 23:28:01"
120.24348697394788,"2020-09-07 06:50:13","2020-09-07 06:50:13"
40.208416833667336,"2020-12-13 05:22:34","2020-12-13 05:22:34"
102.19219219219218,"2021-09-13 22:40:35","2021-09-13 22:40:35"
36.27254509018036,"2020-03-21 05:55:18","2020-03-21 05:55:18"
457.0,"2021-05-24 07:09:30","2021-05-24 07:09:30"
354.37537537537537,"2020-02-16 18:40:13","2020-02-16 18:40:13"
779.6276276276276,"2021-02-25 11:30:26","2021-02-25 11:30:26"
129.0,"2020-08-16 02:17:09","2020-08-16 02:17:09"
997.0,"2020-12-04 15:57:14","2020-12-04 15:57:14"
71.53629032258064,"2021-06-03 21:09:03","2021-06-03 21:09:03"
745.0,"2021-02-06 09:38:02","2021-02-06 09:38:02"
3.4834834834834836,"2020-02-19 14:30:14","2020-02-19 14:30:14"
222.12024048096194,"2020-11-18 23:49:06","2020-11-18 23:49:06"
462.0,"2021-09-29 01:03:17","2021-09-29 01:03:17"
185.0,"2020-01-10 12:49:25","2020-01-10 12:49:25"
940.0,"2020-08-16 02:17:09","2020-08-16 02:17:09"
394.15615615615616,"2021-12-01 23:28:01","2021-12-01 23:28:01"
543.0,"2021-02-06 09:38:02","2021-02-06 09:38:02"
253.5975975975976,"2020-04-24 09:39:56","2020-04-24 09:39:56"