511.0,833.0,990.0,"2020-12-17 03:45:12","2020-12-17 03:45:12"
511.0,833.0,851.0,"2020-12-17 03:45:12","2020-12-17 03:45:12"
511.0,833.0,251.0,"2020-12-17 03:45:12","2020-12-17 03:45:12"
615.0,671.0,134.0,"2021-12-23 06:23:57","2021-12-23 06:23:57"
615.0,671.0,714.0,"2021-12-23 06:23:57","2021-12-23 06:23:57"
492.0,549.0,64.0,"2021-10-26 07:56:19","2021-10-26 07:56:19"
492.0,549.0,37.0,"2021-10-26 07:56:19","2021-10-26 07:56:19"
492.0,549.0,128.0,"2021-10-26 07:56:19","2021-10-26 07:56:19"
492.0,549.0,86.0,"2021-10-26 07:56:19","2021-10-26 07:56:19"
492.0,549.0,18.0,"2021-10-26 07:56:19","2021-10-26 07:56:19"
492.0,549.0,118.0,"2021-10-26 07:56:19","2021-10-26 07:56:19"
492.0,549.0,1.0,"2021-10-26 07:56:19","2021-10-26 07:56:19"
492.0,549.0,67.0,"2021-10-26 07:56:19","2021-10-26 07:56:19"
492.0,549.0,12.0,"2021-10-26 07:56:19","2021-10-26 07:56:19"
704.0,206.0,189.0,"2021-01-05 17:48:20","2021-01-05 17:48:20"
704.0,206.0,74.0,"2021-01-05 17:48:20","2021-01-05 17:48:20"
704.0,206.0,96.0,"2021-01-05 17:48:20","2021-01-05 17:48:20"
704.0,206.0,57.0,"2021-01-05 17:48:20","2021-01-05 17:48:20"
704.0,206.0,136.0,"2021-01-05 17:48:20","2021-01-05 17:48:20"
25.0,658.0,6.0,"2020-07-29 12:59:20","2020-07-29 12:59:20"
25.0,658.0,156.0,"2020-07-29 12:59:20","2020-07-29 12:59:20"
25.0,658.0,158.0,"2020-07-29 12:59:20","2020-07-29 12:59:20"
25.0,658.0,39.0,"2020-07-29 12:59:20","2020-07-29 12:59:20"
25.0,658.0,189.0,"2020-07-29 12:59:20","2020-07-29 12:59:20"
803.0,864.0,865.0,"2021-08-31 14:36:33","2021-08-31 14:36:33"
546.0,739.0,101.0,"2020-05-17 22:12:43","2020-05-17 22:12:43"
118.0,567.0,504.0,"2020-01-26 08:27:36","2020-01-26 08:27:36"
309.0,887.0,154.0,"2021-04-27 22:36:37","2021-04-27 22:36:37"
704.0,206.0,703.0,"2021-01-05 17:48:20","2021-01-05 17:48:20"
474.0,599.0,677.0,"2021-08-30 21:58:13","2021-08-30 21:58:13"
626.0,739.0,278.0,"2020-05-17 22:12:43","2020-05-17 22:12:43"
700.0,739.0,474.0,"2020-05-17 22:12:43","2020-05-17 22:12:43"
626.0,739.0,338.0,"2020-05-17 22:12:43","2020-05-17 22:12:43"
626.0,739.0,345.0,"2020-05-17 22:12:43","2020-05-17 22:12:43"
626.0,739.0,135.0,"2020-05-17 22:12:43","2020-05-17 22:12:43"
626.0,739.0,466.0,"2020-05-17 22:12:43","2020-05-17 22:12:43"
626.0,739.0,286.0,"2020-05-17 22:12:43","2020-05-17 22:12:43"
626.0,739.0,241.0,"2020-05-17 22:12:43","2020-05-17 22:12:43"
862.0,833.0,209.0,"2020-12-17 03:45:12","2020-12-17 03:45:12"
298.0,833.0,407.0,"2020-12-17 03:45:12","2020-12-17 03:45:12"
862.0,833.0,280.0,"2020-12-17 03:45:12","2020-12-17 03:45:12"
862.0,833.0,308.0,"2020-12-17 03:45:12","2020-12-17 03:45:12"
298.0,833.0,547.0,"2020-12-17 03:45:12","2020-12-17 03:45:12"
862.0,833.0,443.0,"2020-12-17 03:45:12","2020-12-17 03:45:12"
862.0,833.0,10.0,"2020-12-17 03:45:12","2020-12-17 03:45:12"
862.0,833.0,143.0,"2020-12-17 03:45:12","2020-12-17 03:45:12"
238.0,671.0,13.0,"2021-12-23 06:23:57","2021-12-23 06:23:57"
215.0,671.0,0.0,"2021-12-23 06:23:57","2021-12-23 06:23:57"
936.0,671.0,13.0,"2021-12-23 06:23:57","2021-12-23 06:23:57"
358.0,671.0,12.0,"2021-12-23 06:23:57","2021-12-23 06:23:57"
603.0,671.0,6.0,"2021-12-23 06:23:57","2021-12-23 06:23:57"
827.0,671.0,10.0,"2021-12-23 06:23:57","2021-12-23 06:23:57"
375.0,671.0,4.0,"2021-12-23 06:23:57","2021-12-23 06:23:57"
500.0,671.0,11.0,"2021-12-23 06:23:57","2021-12-23 06:23:57"
961.0,671.0,10.0,"2021-12-23 06:23:57","2021-12-23 06:23:57"
486.0,671.0,4.0,"2021-12-23 06:23:57","2021-12-23 06:23:57"
969.0,671.0,11.0,"2021-12-23 06:23:57","2021-12-23 06:23:57"
428.0,671.0,12.0,"2021-12-23 06:23:57","2021-12-23 06:23:57"
17.0,671.0,1.0,"2021-12-23 06:23:57","2021-12-23 06:23:57"
254.0,671.0,14.0,"2021-12-23 06:23:57","2021-12-23 06:23:57"
238.0,671.0,0.0,"2021-12-23 06:23:57","2021-12-23 06:23:57"
425.0,671.0,5.0,"2021-12-23 06:23:57","2021-12-23 06:23:57"
44.0,671.0,10.0,"2021-12-23 06:23:57","2021-12-23 06:23:57"
219.0,671.0,6.0,"2021-12-23 06:23:57","2021-12-23 06:23:57"
96.0,671.0,13.0,"2021-12-23 06:23:57","2021-12-23 06:23:57"
495.0,671.0,6.0,"2021-12-23 06:23:57","2021-12-23 06:23:57"
168.0,671.0,2.0,"2021-12-23 06:23:57","2021-12-23 06:23:57"
771.0,671.0,6.0,"2021-12-23 06:23:57","2021-12-23 06:23:57"
678.0,671.0,7.0,"2021-12-23 06:23:57","2021-12-23 06:23:57"
190.0,671.0,8.0,"2021-12-23 06:23:57","2021-12-23 06:23:57"
415.0,671.0,12.0,"2021-12-23 06:23:57","2021-12-23 06:23:57"
368.0,671.0,2.0,"2021-12-23 06:23:57","2021-12-23 06:23:57"
381.0,671.0,3.0,"2021-12-23 06:23:57","2021-12-23 06:23:57"
652.0,671.0,8.0,"2021-12-23 06:23:57","2021-12-23 06:23:57"
68.0,671.0,11.0,"2021-12-23 06:23:57","2021-12-23 06:23:57"
217.0,671.0,2.0,"2021-12-23 06:23:57","2021-12-23 06:23:57"
760.0,671.0,8.0,"2021-12-23 06:23:57","2021-12-23 06:23:57"
807.0,671.0,14.0,"2021-12-23 06:23:57","2021-12-23 06:23:57"
273.0,671.0,11.0,"2021-12-23 06:23:57","2021-12-23 06:23:57"
410.0,671.0,2.0,"2021-12-23 06:23:57","2021-12-23 06:23:57"
952.0,671.0,7.0,"2021-12-23 06:23:57","2021-12-23 06:23:57"
865.0,671.0,9.0,"2021-12-23 06:23:57","2021-12-23 06:23:57"
318.0,671.0,4.0,"2021-12-23 06:23:57","2021-12-23 06:23:57"
583.0,671.0,12.0,"2021-12-23 06:23:57","2021-12-23 06:23:57"
203.0,671.0,14.0,"2021-12-23 06:23:57","2021-12-23 06:23:57"
919.0,671.0,13.0,"2021-12-23 06:23:57","2021-12-23 06:23:57"
627.0,671.0,11.0,"2021-12-23 06:23:57","2021-12-23 06:23:57"
633.0,671.0,2.0,"2021-12-23 06:23:57","2021-12-23 06:23:57"
604.0,671.0,7.0,"2021-12-23 06:23:57","2021-12-23 06:23:57"
110.0,671.0,11.0,"2021-12-23 06:23:57","2021-12-23 06:23:57"
931.0,671.0,9.0,"2021-12-23 06:23:57","2021-12-23 06:23:57"
611.0,671.0,6.0,"2021-12-23 06:23:57","2021-12-23 06:23:57"
581.0,671.0,8.0,"2021-12-23 06:23:57","2021-12-23 06:23:57"
205.0,671.0,6.0,"2021-12-23 06:23:57","2021-12-23 06:23:57"
464.0,671.0,14.0,"2021-12-23 06:23:57","2021-12-23 06:23:57"
699.0,671.0,4.0,"2021-12-23 06:23:57","2021-12-23 06:23:57"
297.0,671.0,5.0,"2021-12-23 06:23:57","2021-12-23 06:23:57"
981.0,671.0,7.0,"2021-12-23 06:23:57","2021-12-23 06:23:57"
375.0,671.0,14.0,"2021-12-23 06:23:57","2021-12-23 06:23:57"
863.0,671.0,6.0,"2021-12-23 06:23:57","2021-12-23 06:23:57"
352.0,671.0,3.0,"2021-12-23 06:23:57","2021-12-23 06:23:57"
4.0,671.0,11.0,"2021-12-23 06:23:57","2021-12-23 06:23:57"
925.0,671.0,10.0,"2021-12-23 06:23:57","2021-12-23 06:23:57"
185.0,671.0,9.0,"2021-12-23 06:23:57","2021-12-23 06:23:57"
162.0,671.0,0.0,"2021-12-23 06:23:57","2021-12-23 06:23:57"
730.0,671.0,0.0,"2021-12-23 06:23:57","2021-12-23 06:23:57"
719.0,671.0,0.0,"2021-12-23 06:23:57","2021-12-23 06:23:57"
564.0,671.0,12.0,"2021-12-23 06:23:57","2021-12-23 06:23:57"
233.0,671.0,9.0,"2021-12-23 06:23:57","2021-12-23 06:23:57"
781.0,671.0,12.0,"2021-12-23 06:23:57","2021-12-23 06:23:57"
421.0,671.0,2.0,"2021-12-23 06:23:57","2021-12-23 06:23:57"
840.0,671.0,4.0,"2021-12-23 06:23:57","2021-12-23 06:23:57"
468.0,671.0,13.0,"2021-12-23 06:23:57","2021-12-23 06:23:57"
165.0,671.0,10.0,"2021-12-23 06:23:57","2021-12-23 06:23:57"
110.0,671.0,8.0,"2021-12-23 06:23:57","2021-12-23 06:23:57"
110.0,671.0,3.0,"2021-12-23 06:23:57","2021-12-23 06:23:57"
415.0,671.0,5.0,"2021-12-23 06:23:57","2021-12-23 06:23:57"
961.0,671.0,14.0,"2021-12-23 06:23:57","2021-12-23 06:23:57"
368.0,671.0,7.0,"2021-12-23 06:23:57","2021-12-23 06:23:57"
233.0,671.0,8.0,"2021-12-23 06:23:57","2021-12-23 06:23:57"
719.0,671.0,12.0,"2021-12-23 06:23:57","2021-12-23 06:23:57"
633.0,671.0,6.0,"2021-12-23 06:23:57","2021-12-23 06:23:57"
604.0,671.0,3.0,"2021-12-23 06:23:57","2021-12-23 06:23:57"
500.0,671.0,6.0,"2021-12-23 06:23:57","2021-12-23 06:23:57"
633.0,671.0,14.0,"2021-12-23 06:23:57","2021-12-23 06:23:57"
931.0,671.0,1.0,"2021-12-23 06:23:57","2021-12-23 06:23:57"
44.0,671.0,12.0,"2021-12-23 06:23:57","2021-12-23 06:23:57"
428.0,671.0,2.0,"2021-12-23 06:23:57","2021-12-23 06:23:57"
190.0,671.0,9.0,"2021-12-23 06:23:57","2021-12-23 06:23:57"
4.0,671.0,3.0,"2021-12-23 06:23:57","2021-12-23 06:23:57"
583.0,671.0,5.0,"2021-12-23 06:23:57","2021-12-23 06:23:57"
358.0,671.0,6.0,"2021-12-23 06:23:57","2021-12-23 06:23:57"
375.0,671.0,11.0,"2021-12-23 06:23:57","2021-12-23 06:23:57"
381.0,671.0,5.0,"2021-12-23 06:23:57","2021-12-23 06:23:57"
425.0,671.0,11.0,"2021-12-23 06:23:57","2021-12-23 06:23:57"
863.0,671.0,5.0,"2021-12-23 06:23:57","2021-12-23 06:23:57"
627.0,671.0,7.0,"2021-12-23 06:23:57","2021-12-23 06:23:57"
190.0,671.0,11.0,"2021-12-23 06:23:57","2021-12-23 06:23:57"
219.0,671.0,10.0,"2021-12-23 06:23:57","2021-12-23 06:23:57"
495.0,671.0,7.0,"2021-12-23 06:23:57","2021-12-23 06:23:57"
358.0,671.0,1.0,"2021-12-23 06:23:57","2021-12-23 06:23:57"
68.0,671.0,3.0,"2021-12-23 06:23:57","2021-12-23 06:23:57"
185.0,671.0,2.0,"2021-12-23 06:23:57","2021-12-23 06:23:57"
375.0,671.0,13.0,"2021-12-23 06:23:57","2021-12-23 06:23:57"
840.0,671.0,2.0,"2021-12-23 06:23:57","2021-12-23 06:23:57"
185.0,671.0,1.0,"2021-12-23 06:23:57","2021-12-23 06:23:57"
699.0,671.0,5.0,"2021-12-23 06:23:57","2021-12-23 06:23:57"
781.0,671.0,11.0,"2021-12-23 06:23:57","2021-12-23 06:23:57"
217.0,671.0,5.0,"2021-12-23 06:23:57","2021-12-23 06:23:57"
936.0,671.0,6.0,"2021-12-23 06:23:57","2021-12-23 06:23:57"
381.0,671.0,14.0,"2021-12-23 06:23:57","2021-12-23 06:23:57"
931.0,671.0,0.0,"2021-12-23 06:23:57","2021-12-23 06:23:57"
168.0,671.0,13.0,"2021-12-23 06:23:57","2021-12-23 06:23:57"
375.0,671.0,6.0,"2021-12-23 06:23:57","2021-12-23 06:23:57"
581.0,671.0,13.0,"2021-12-23 06:23:57","2021-12-23 06:23:57"
564.0,671.0,11.0,"2021-12-23 06:23:57","2021-12-23 06:23:57"
233.0,671.0,5.0,"2021-12-23 06:23:57","2021-12-23 06:23:57"
581.0,671.0,2.0,"2021-12-23 06:23:57","2021-12-23 06:23:57"
919.0,671.0,3.0,"2021-12-23 06:23:57","2021-12-23 06:23:57"
205.0,671.0,11.0,"2021-12-23 06:23:57","2021-12-23 06:23:57"
730.0,671.0,2.0,"2021-12-23 06:23:57","2021-12-23 06:23:57"
495.0,671.0,14.0,"2021-12-23 06:23:57","2021-12-23 06:23:57"
604.0,671.0,12.0,"2021-12-23 06:23:57","2021-12-23 06:23:57"
254.0,671.0,10.0,"2021-12-23 06:23:57","2021-12-23 06:23:57"
421.0,671.0,12.0,"2021-12-23 06:23:57","2021-12-23 06:23:57"
961.0,671.0,7.0,"2021-12-23 06:23:57","2021-12-23 06:23:57"
827.0,671.0,0.0,"2021-12-23 06:23:57","2021-12-23 06:23:57"
840.0,671.0,6.0,"2021-12-23 06:23:57","2021-12-23 06:23:57"
486.0,671.0,2.0,"2021-12-23 06:23:57","2021-12-23 06:23:57"
464.0,671.0,4.0,"2021-12-23 06:23:57","2021-12-23 06:23:57"
678.0,671.0,4.0,"2021-12-23 06:23:57","2021-12-23 06:23:57"
468.0,671.0,2.0,"2021-12-23 06:23:57","2021-12-23 06:23:57"
381.0,671.0,6.0,"2021-12-23 06:23:57","2021-12-23 06:23:57"
486.0,671.0,8.0,"2021-12-23 06:23:57","2021-12-23 06:23:57"
96.0,671.0,9.0,"2021-12-23 06:23:57","2021-12-23 06:23:57"
273.0,671.0,2.0,"2021-12-23 06:23:57","2021-12-23 06:23:57"
564.0,671.0,0.0,"2021-12-23 06:23:57","2021-12-23 06:23:57"
428.0,671.0,4.0,"2021-12-23 06:23:57","2021-12-23 06:23:57"
936.0,671.0,12.0,"2021-12-23 06:23:57","2021-12-23 06:23:57"
863.0,671.0,8.0,"2021-12-23 06:23:57","2021-12-23 06:23:57"
771.0,671.0,8.0,"2021-12-23 06:23:57","2021-12-23 06:23:57"
865.0,671.0,2.0,"2021-12-23 06:23:57","2021-12-23 06:23:57"
238.0,671.0,2.0,"2021-12-23 06:23:57","2021-12-23 06:23:57"
464.0,671.0,12.0,"2021-12-23 06:23:57","2021-12-23 06:23:57"
421.0,671.0,4.0,"2021-12-23 06:23:57","2021-12-23 06:23:57"
421.0,671.0,8.0,"2021-12-23 06:23:57","2021-12-23 06:23:57"
44.0,671.0,7.0,"2021-12-23 06:23:57","2021-12-23 06:23:57"
96.0,671.0,1.0,"2021-12-23 06:23:57","2021-12-23 06:23:57"
564.0,671.0,5.0,"2021-12-23 06:23:57","2021-12-23 06:23:57"
583.0,671.0,6.0,"2021-12-23 06:23:57","2021-12-23 06:23:57"
981.0,671.0,12.0,"2021-12-23 06:23:57","2021-12-23 06:23:57"
678.0,671.0,11.0,"2021-12-23 06:23:57","2021-12-23 06:23:57"
254.0,671.0,9.0,"2021-12-23 06:23:57","2021-12-23 06:23:57"
185.0,671.0,8.0,"2021-12-23 06:23:57","2021-12-23 06:23:57"
410.0,671.0,10.0,"2021-12-23 06:23:57","2021-12-23 06:23:57"
495.0,671.0,12.0,"2021-12-23 06:23:57","2021-12-23 06:23:57"
17.0,671.0,4.0,"2021-12-23 06:23:57","2021-12-23 06:23:57"
500.0,671.0,2.0,"2021-12-23 06:23:57","2021-12-23 06:23:57"
611.0,671.0,13.0,"2021-12-23 06:23:57","2021-12-23 06:23:57"
603.0,671.0,2.0,"2021-12-23 06:23:57","2021-12-23 06:23:57"
17.0,671.0,9.0,"2021-12-23 06:23:57","2021-12-23 06:23:57"
203.0,671.0,10.0,"2021-12-23 06:23:57","2021-12-23 06:23:57"
428.0,671.0,10.0,"2021-12-23 06:23:57","2021-12-23 06:23:57"
375.0,671.0,8.0,"2021-12-23 06:23:57","2021-12-23 06:23:57"
17.0,671.0,14.0,"2021-12-23 06:23:57","2021-12-23 06:23:57"
781.0,671.0,9.0,"2021-12-23 06:23:57","2021-12-23 06:23:57"
4.0,671.0,0.0,"2021-12-23 06:23:57","2021-12-23 06:23:57"
352.0,671.0,5.0,"2021-12-23 06:23:57","2021-12-23 06:23:57"
168.0,671.0,12.0,"2021-12-23 06:23:57","2021-12-23 06:23:57"
165.0,671.0,7.0,"2021-12-23 06:23:57","2021-12-23 06:23:57"
863.0,671.0,2.0,"2021-12-23 06:23:57","2021-12-23 06:23:57"
17.0,671.0,3.0,"2021-12-23 06:23:57","2021-12-23 06:23:57"
581.0,671.0,12.0,"2021-12-23 06:23:57","2021-12-23 06:23:57"
297.0,671.0,3.0,"2021-12-23 06:23:57","2021-12-23 06:23:57"
730.0,671.0,1.0,"2021-12-23 06:23:57","2021-12-23 06:23:57"
961.0,671.0,13.0,"2021-12-23 06:23:57","2021-12-23 06:23:57"
217.0,671.0,9.0,"2021-12-23 06:23:57","2021-12-23 06:23:57"
215.0,671.0,13.0,"2021-12-23 06:23:57","2021-12-23 06:23:57"
863.0,671.0,12.0,"2021-12-23 06:23:57","2021-12-23 06:23:57"
583.0,671.0,11.0,"2021-12-23 06:23:57","2021-12-23 06:23:57"
185.0,671.0,4.0,"2021-12-23 06:23:57","2021-12-23 06:23:57"
415.0,671.0,3.0,"2021-12-23 06:23:57","2021-12-23 06:23:57"
840.0,671.0,11.0,"2021-12-23 06:23:57","2021-12-23 06:23:57"
486.0,671.0,3.0,"2021-12-23 06:23:57","2021-12-23 06:23:57"
583.0,671.0,7.0,"2021-12-23 06:23:57","2021-12-23 06:23:57"
969.0,671.0,7.0,"2021-12-23 06:23:57","2021-12-23 06:23:57"
425.0,671.0,10.0,"2021-12-23 06:23:57","2021-12-23 06:23:57"
611.0,671.0,12.0,"2021-12-23 06:23:57","2021-12-23 06:23:57"
603.0,671.0,12.0,"2021-12-23 06:23:57","2021-12-23 06:23:57"
464.0,671.0,10.0,"2021-12-23 06:23:57","2021-12-23 06:23:57"
827.0,671.0,2.0,"2021-12-23 06:23:57","2021-12-23 06:23:57"
865.0,671.0,11.0,"2021-12-23 06:23:57","2021-12-23 06:23:57"
952.0,671.0,9.0,"2021-12-23 06:23:57","2021-12-23 06:23:57"
865.0,671.0,12.0,"2021-12-23 06:23:57","2021-12-23 06:23:57"
468.0,671.0,7.0,"2021-12-23 06:23:57","2021-12-23 06:23:57"
4.0,671.0,8.0,"2021-12-23 06:23:57","2021-12-23 06:23:57"
168.0,671.0,8.0,"2021-12-23 06:23:57","2021-12-23 06:23:57"
961.0,671.0,8.0,"2021-12-23 06:23:57","2021-12-23 06:23:57"
44.0,671.0,11.0,"2021-12-23 06:23:57","2021-12-23 06:23:57"
4.0,671.0,5.0,"2021-12-23 06:23:57","2021-12-23 06:23:57"
486.0,671.0,1.0,"2021-12-23 06:23:57","2021-12-23 06:23:57"
961.0,671.0,0.0,"2021-12-23 06:23:57","2021-12-23 06:23:57"
254.0,671.0,5.0,"2021-12-23 06:23:57","2021-12-23 06:23:57"
969.0,671.0,-1.0,"2021-12-23 06:23:57","2021-12-23 06:23:57"
486.0,671.0,10.0,"2021-12-23 06:23:57","2021-12-23 06:23:57"
719.0,671.0,5.0,"2021-12-23 06:23:57","2021-12-23 06:23:57"
603.0,671.0,10.0,"2021-12-23 06:23:57","2021-12-23 06:23:57"
415.0,671.0,1.0,"2021-12-23 06:23:57","2021-12-23 06:23:57"
725.0,887.0,182.0,"2021-04-27 22:36:37","2021-04-27 22:36:37"
495.0,887.0,161.0,"2021-04-27 22:36:37","2021-04-27 22:36:37"
964.0,887.0,118.0,"2021-04-27 22:36:37","2021-04-27 22:36:37"
548.0,887.0,71.0,"2021-04-27 22:36:37","2021-04-27 22:36:37"
548.0,887.0,175.0,"2021-04-27 22:36:37","2021-04-27 22:36:37"
725.0,887.0,62.0,"2021-04-27 22:36:37","2021-04-27 22:36:37"
495.0,887.0,140.0,"2021-04-27 22:36:37","2021-04-27 22:36:37"
495.0,887.0,125.0,"2021-04-27 22:36:37","2021-04-27 22:36:37"
725.0,887.0,60.0,"2021-04-27 22:36:37","2021-04-27 22:36:37"
964.0,887.0,116.0,"2021-04-27 22:36:37","2021-04-27 22:36:37"
495.0,887.0,85.0,"2021-04-27 22:36:37","2021-04-27 22:36:37"
495.0,887.0,202.0,"2021-04-27 22:36:37","2021-04-27 22:36:37"
964.0,887.0,181.0,"2021-04-27 22:36:37","2021-04-27 22:36:37"
548.0,887.0,12.0,"2021-04-27 22:36:37","2021-04-27 22:36:37"
964.0,887.0,39.0,"2021-04-27 22:36:37","2021-04-27 22:36:37"
964.0,887.0,158.0,"2021-04-27 22:36:37","2021-04-27 22:36:37"
279.0,206.0,22.0,"2021-01-05 17:48:20","2021-01-05 17:48:20"
279.0,206.0,103.0,"2021-01-05 17:48:20","2021-01-05 17:48:20"
279.0,206.0,189.0,"2021-01-05 17:48:20","2021-01-05 17:48:20"
831.0,658.0,189.0,"2020-07-29 12:59:20","2020-07-29 12:59:20"
831.0,658.0,72.0,"2020-07-29 12:59:20","2020-07-29 12:59:20"
661.0,599.0,2.0,"2021-08-30 21:58:13","2021-08-30 21:58:13"
160.0,599.0,3.0,"2021-08-30 21:58:13","2021-08-30 21:58:13"
782.0,599.0,1.0,"2021-08-30 21:58:13","2021-08-30 21:58:13"
694.0,599.0,4.0,"2021-08-30 21:58:13","2021-08-30 21:58:13"
793.0,599.0,3.0,"2021-08-30 21:58:13","2021-08-30 21:58:13"
8.0,599.0,1.0,"2021-08-30 21:58:13","2021-08-30 21:58:13"
814.0,599.0,0.0,"2021-08-30 21:58:13","2021-08-30 21:58:13"
203.0,599.0,3.0,"2021-08-30 21:58:13","2021-08-30 21:58:13"
26.0,599.0,1.0,"2021-08-30 21:58:13","2021-08-30 21:58:13"
350.0,599.0,2.0,"2021-08-30 21:58:13","2021-08-30 21:58:13"
53.0,599.0,2.0,"2021-08-30 21:58:13","2021-08-30 21:58:13"
654.0,599.0,2.0,"2021-08-30 21:58:13","2021-08-30 21:58:13"
641.0,599.0,2.0,"2021-08-30 21:58:13","2021-08-30 21:58:13"
107.0,599.0,0.0,"2021-08-30 21:58:13","2021-08-30 21:58:13"
856.0,599.0,3.0,"2021-08-30 21:58:13","2021-08-30 21:58:13"
548.0,599.0,3.0,"2021-08-30 21:58:13","2021-08-30 21:58:13"
694.0,599.0,0.0,"2021-08-30 21:58:13","2021-08-30 21:58:13"
360.0,599.0,2.0,"2021-08-30 21:58:13","2021-08-30 21:58:13"
362.0,599.0,3.0,"2021-08-30 21:58:13","2021-08-30 21:58:13"
787.0,599.0,1.0,"2021-08-30 21:58:13","2021-08-30 21:58:13"
720.0,599.0,3.0,"2021-08-30 21:58:13","2021-08-30 21:58:13"
816.0,599.0,1.0,"2021-08-30 21:58:13","2021-08-30 21:58:13"
659.0,599.0,1.0,"2021-08-30 21:58:13","2021-08-30 21:58:13"
486.0,599.0,3.0,"2021-08-30 21:58:13","2021-08-30 21:58:13"
958.0,599.0,3.0,"2021-08-30 21:58:13","2021-08-30 21:58:13"
509.0,599.0,4.0,"2021-08-30 21:58:13","2021-08-30 21:58:13"
274.0,599.0,1.0,"2021-08-30 21:58:13","2021-08-30 21:58:13"
254.0,599.0,0.0,"2021-08-30 21:58:13","2021-08-30 21:58:13"
969.0,599.0,1.0,"2021-08-30 21:58:13","2021-08-30 21:58:13"
867.0,599.0,4.0,"2021-08-30 21:58:13","2021-08-30 21:58:13"
669.0,599.0,3.0,"2021-08-30 21:58:13","2021-08-30 21:58:13"
454.0,599.0,2.0,"2021-08-30 21:58:13","2021-08-30 21:58:13"
982.0,599.0,3.0,"2021-08-30 21:58:13","2021-08-30 21:58:13"
423.0,599.0,0.0,"2021-08-30 21:58:13","2021-08-30 21:58:13"
706.0,599.0,0.0,"2021-08-30 21:58:13","2021-08-30 21:58:13"
881.0,599.0,2.0,"2021-08-30 21:58:13","2021-08-30 21:58:13"
368.0,599.0,2.0,"2021-08-30 21:58:13","2021-08-30 21:58:13"
457.0,599.0,2.0,"2021-08-30 21:58:13","2021-08-30 21:58:13"
738.0,599.0,4.0,"2021-08-30 21:58:13","2021-08-30 21:58:13"
166.0,599.0,0.0,"2021-08-30 21:58:13","2021-08-30 21:58:13"
330.0,599.0,3.0,"2021-08-30 21:58:13","2021-08-30 21:58:13"
863.0,599.0,1.0,"2021-08-30 21:58:13","2021-08-30 21:58:13"
441.0,599.0,0.0,"2021-08-30 21:58:13","2021-08-30 21:58:13"
361.0,599.0,0.0,"2021-08-30 21:58:13","2021-08-30 21:58:13"
673.0,599.0,1.0,"2021-08-30 21:58:13","2021-08-30 21:58:13"
786.0,599.0,0.0,"2021-08-30 21:58:13","2021-08-30 21:58:13"
182.0,599.0,0.0,"2021-08-30 21:58:13","2021-08-30 21:58:13"
328.0,599.0,1.0,"2021-08-30 21:58:13","2021-08-30 21:58:13"
787.0,599.0,-2.0,"2021-08-30 21:58:13","2021-08-30 21:58:13"
721.0,599.0,2.0,"2021-08-30 21:58:13","2021-08-30 21:58:13"
237.0,599.0,3.0,"2021-08-30 21:58:13","2021-08-30 21:58:13"
197.0,599.0,1.0,"2021-08-30 21:58:13","2021-08-30 21:58:13"
995.0,599.0,4.0,"2021-08-30 21:58:13","2021-08-30 21:58:13"
841.0,599.0,4.0,"2021-08-30 21:58:13","2021-08-30 21:58:13"
832.0,599.0,0.0,"2021-08-30 21:58:13","2021-08-30 21:58:13"
729.0,599.0,3.0,"2021-08-30 21:58:13","2021-08-30 21:58:13"
37.0,599.0,0.0,"2021-08-30 21:58:13","2021-08-30 21:58:13"
836.0,599.0,2.0,"2021-08-30 21:58:13","2021-08-30 21:58:13"
688.0,599.0,4.0,"2021-08-30 21:58:13","2021-08-30 21:58:13"
752.0,599.0,4.0,"2021-08-30 21:58:13","2021-08-30 21:58:13"
791.0,599.0,3.0,"2021-08-30 21:58:13","2021-08-30 21:58:13"
736.0,599.0,1.0,"2021-08-30 21:58:13","2021-08-30 21:58:13"
562.0,599.0,1.0,"2021-08-30 21:58:13","2021-08-30 21:58:13"
37.0,599.0,3.0,"2021-08-30 21:58:13","2021-08-30 21:58:13"
571.0,599.0,2.0,"2021-08-30 21:58:13","2021-08-30 21:58:13"
146.0,599.0,0.0,"2021-08-30 21:58:13","2021-08-30 21:58:13"
947.0,599.0,1.0,"2021-08-30 21:58:13","2021-08-30 21:58:13"
129.0,599.0,0.0,"2021-08-30 21:58:13","2021-08-30 21:58:13"
786.0,599.0,3.0,"2021-08-30 21:58:13","2021-08-30 21:58:13"
474.0,599.0,1.0,"2021-08-30 21:58:13","2021-08-30 21:58:13"
608.0,599.0,4.0,"2021-08-30 21:58:13","2021-08-30 21:58:13"
892.0,599.0,4.0,"2021-08-30 21:58:13","2021-08-30 21:58:13"
341.0,599.0,3.0,"2021-08-30 21:58:13","2021-08-30 21:58:13"
421.0,599.0,1.0,"2021-08-30 21:58:13","2021-08-30 21:58:13"
165.0,599.0,4.0,"2021-08-30 21:58:13","2021-08-30 21:58:13"
942.0,599.0,2.0,"2021-08-30 21:58:13","2021-08-30 21:58:13"
192.0,599.0,3.0,"2021-08-30 21:58:13","2021-08-30 21:58:13"
337.0,599.0,3.0,"2021-08-30 21:58:13","2021-08-30 21:58:13"
640.0,599.0,4.0,"2021-08-30 21:58:13","2021-08-30 21:58:13"
768.0,599.0,2.0,"2021-08-30 21:58:13","2021-08-30 21:58:13"
712.0,599.0,4.0,"2021-08-30 21:58:13","2021-08-30 21:58:13"
412.0,599.0,0.0,"2021-08-30 21:58:13","2021-08-30 21:58:13"
27.0,599.0,3.0,"2021-08-30 21:58:13","2021-08-30 21:58:13"
333.0,599.0,0.0,"2021-08-30 21:58:13","2021-08-30 21:58:13"
511.0,599.0,3.0,"2021-08-30 21:58:13","2021-08-30 21:58:13"
877.0,599.0,2.0,"2021-08-30 21:58:13","2021-08-30 21:58:13"
127.0,599.0,2.0,"2021-08-30 21:58:13","2021-08-30 21:58:13"
480.0,599.0,4.0,"2021-08-30 21:58:13","2021-08-30 21:58:13"
519.0,599.0,1.0,"2021-08-30 21:58:13","2021-08-30 21:58:13"
918.0,599.0,0.0,"2021-08-30 21:58:13","2021-08-30 21:58:13"
417.0,599.0,2.0,"2021-08-30 21:58:13","2021-08-30 21:58:13"
290.0,599.0,2.0,"2021-08-30 21:58:13","2021-08-30 21:58:13"
932.0,599.0,0.0,"2021-08-30 21:58:13","2021-08-30 21:58:13"
795.0,599.0,3.0,"2021-08-30 21:58:13","2021-08-30 21:58:13"
408.0,599.0,4.0,"2021-08-30 21:58:13","2021-08-30 21:58:13"
568.0,599.0,1.0,"2021-08-30 21:58:13","2021-08-30 21:58:13"
391.0,599.0,4.0,"2021-08-30 21:58:13","2021-08-30 21:58:13"
14.0,599.0,3.0,"2021-08-30 21:58:13","2021-08-30 21:58:13"
21.0,599.0,4.0,"2021-08-30 21:58:13","2021-08-30 21:58:13"
821.0,599.0,3.0,"2021-08-30 21:58:13","2021-08-30 21:58:13"
478.0,599.0,0.0,"2021-08-30 21:58:13","2021-08-30 21:58:13"
605.0,599.0,0.0,"2021-08-30 21:58:13","2021-08-30 21:58:13"
641.0,599.0,3.0,"2021-08-30 21:58:13","2021-08-30 21:58:13"
675.0,599.0,1.0,"2021-08-30 21:58:13","2021-08-30 21:58:13"
260.0,599.0,0.0,"2021-08-30 21:58:13","2021-08-30 21:58:13"
652.0,599.0,1.0,"2021-08-30 21:58:13","2021-08-30 21:58:13"
627.0,599.0,1.0,"2021-08-30 21:58:13","2021-08-30 21:58:13"
596.0,599.0,3.0,"2021-08-30 21:58:13","2021-08-30 21:58:13"
181.0,599.0,3.0,"2021-08-30 21:58:13","2021-08-30 21:58:13"
803.0,599.0,3.0,"2021-08-30 21:58:13","2021-08-30 21:58:13"
79.0,599.0,3.0,"2021-08-30 21:58:13","2021-08-30 21:58:13"
513.0,599.0,2.0,"2021-08-30 21:58:13","2021-08-30 21:58:13"
242.0,599.0,2.0,"2021-08-30 21:58:13","2021-08-30 21:58:13"
210.0,599.0,3.0,"2021-08-30 21:58:13","2021-08-30 21:58:13"
302.0,599.0,2.0,"2021-08-30 21:58:13","2021-08-30 21:58:13"
278.0,599.0,1.0,"2021-08-30 21:58:13","2021-08-30 21:58:13"
589.0,599.0,3.0,"2021-08-30 21:58:13","2021-08-30 21:58:13"
295.0,599.0,4.0,"2021-08-30 21:58:13","2021-08-30 21:58:13"
911.0,599.0,2.0,"2021-08-30 21:58:13","2021-08-30 21:58:13"
284.0,599.0,3.0,"2021-08-30 21:58:13","2021-08-30 21:58:13"
671.0,599.0,2.0,"2021-08-30 21:58:13","2021-08-30 21:58:13"
940.0,599.0,2.0,"2021-08-30 21:58:13","2021-08-30 21:58:13"
533.0,599.0,1.0,"2021-08-30 21:58:13","2021-08-30 21:58:13"
699.0,599.0,4.0,"2021-08-30 21:58:13","2021-08-30 21:58:13"
927.0,599.0,2.0,"2021-08-30 21:58:13","2021-08-30 21:58:13"
860.0,599.0,1.0,"2021-08-30 21:58:13","2021-08-30 21:58:13"
584.0,599.0,3.0,"2021-08-30 21:58:13","2021-08-30 21:58:13"
664.0,599.0,4.0,"2021-08-30 21:58:13","2021-08-30 21:58:13"
716.0,599.0,4.0,"2021-08-30 21:58:13","2021-08-30 21:58:13"
773.0,599.0,0.0,"2021-08-30 21:58:13","2021-08-30 21:58:13"
442.0,599.0,3.0,"2021-08-30 21:58:13","2021-08-30 21:58:13"
740.0,599.0,1.0,"2021-08-30 21:58:13","2021-08-30 21:58:13"
993.0,599.0,1.0,"2021-08-30 21:58:13","2021-08-30 21:58:13"
543.0,599.0,4.0,"2021-08-30 21:58:13","2021-08-30 21:58:13"
729.0,599.0,4.0,"2021-08-30 21:58:13","2021-08-30 21:58:13"
774.0,599.0,1.0,"2021-08-30 21:58:13","2021-08-30 21:58:13"
842.0,599.0,3.0,"2021-08-30 21:58:13","2021-08-30 21:58:13"
291.0,599.0,0.0,"2021-08-30 21:58:13","2021-08-30 21:58:13"
165.0,599.0,2.0,"2021-08-30 21:58:13","2021-08-30 21:58:13"
665.0,599.0,3.0,"2021-08-30 21:58:13","2021-08-30 21:58:13"
801.0,599.0,1.0,"2021-08-30 21:58:13","2021-08-30 21:58:13"
616.0,599.0,2.0,"2021-08-30 21:58:13","2021-08-30 21:58:13"
856.0,599.0,0.0,"2021-08-30 21:58:13","2021-08-30 21:58:13"
528.0,599.0,0.0,"2021-08-30 21:58:13","2021-08-30 21:58:13"
126.0,599.0,2.0,"2021-08-30 21:58:13","2021-08-30 21:58:13"
780.0,599.0,0.0,"2021-08-30 21:58:13","2021-08-30 21:58:13"
131.0,599.0,3.0,"2021-08-30 21:58:13","2021-08-30 21:58:13"
825.0,599.0,2.0,"2021-08-30 21:58:13","2021-08-30 21:58:13"
856.0,599.0,2.0,"2021-08-30 21:58:13","2021-08-30 21:58:13"
490.0,599.0,1.0,"2021-08-30 21:58:13","2021-08-30 21:58:13"
495.0,599.0,2.0,"2021-08-30 21:58:13","2021-08-30 21:58:13"
944.0,599.0,2.0,"2021-08-30 21:58:13","2021-08-30 21:58:13"
900.0,599.0,1.0,"2021-08-30 21:58:13","2021-08-30 21:58:13"
191.0,599.0,2.0,"2021-08-30 21:58:13","2021-08-30 21:58:13"
417.0,599.0,0.0,"2021-08-30 21:58:13","2021-08-30 21:58:13"
138.0,599.0,4.0,"2021-08-30 21:58:13","2021-08-30 21:58:13"
311.0,599.0,3.0,"2021-08-30 21:58:13","2021-08-30 21:58:13"
975.0,599.0,4.0,"2021-08-30 21:58:13","2021-08-30 21:58:13"
567.0,599.0,2.0,"2021-08-30 21:58:13","2021-08-30 21:58:13"
615.0,599.0,0.0,"2021-08-30 21:58:13","2021-08-30 21:58:13"
412.0,599.0,3.0,"2021-08-30 21:58:13","2021-08-30 21:58:13"
697.0,599.0,1.0,"2021-08-30 21:58:13","2021-08-30 21:58:13"
384.0,599.0,1.0,"2021-08-30 21:58:13","2021-08-30 21:58:13"
16.0,599.0,4.0,"2021-08-30 21:58:13","2021-08-30 21:58:13"
582.0,599.0,3.0,"2021-08-30 21:58:13","2021-08-30 21:58:13"
182.0,599.0,3.0,"2021-08-30 21:58:13","2021-08-30 21:58:13"
827.0,599.0,3.0,"2021-08-30 21:58:13","2021-08-30 21:58:13"
105.0,599.0,3.0,"2021-08-30 21:58:13","2021-08-30 21:58:13"
731.0,599.0,1.0,"2021-08-30 21:58:13","2021-08-30 21:58:13"
404.0,599.0,1.0,"2021-08-30 21:58:13","2021-08-30 21:58:13"
905.0,599.0,1.0,"2021-08-30 21:58:13","2021-08-30 21:58:13"
533.0,599.0,3.0,"2021-08-30 21:58:13","2021-08-30 21:58:13"
148.0,599.0,3.0,"2021-08-30 21:58:13","2021-08-30 21:58:13"
725.0,599.0,4.0,"2021-08-30 21:58:13","2021-08-30 21:58:13"
406.0,599.0,4.0,"2021-08-30 21:58:13","2021-08-30 21:58:13"
625.0,599.0,4.0,"2021-08-30 21:58:13","2021-08-30 21:58:13"
251.0,599.0,1.0,"2021-08-30 21:58:13","2021-08-30 21:58:13"
325.0,599.0,1.0,"2021-08-30 21:58:13","2021-08-30 21:58:13"
50.0,599.0,1.0,"2021-08-30 21:58:13","2021-08-30 21:58:13"
529.0,599.0,0.0,"2021-08-30 21:58:13","2021-08-30 21:58:13"
370.0,599.0,1.0,"2021-08-30 21:58:13","2021-08-30 21:58:13"
907.0,599.0,1.0,"2021-08-30 21:58:13","2021-08-30 21:58:13"
905.0,599.0,4.0,"2021-08-30 21:58:13","2021-08-30 21:58:13"
906.0,599.0,1.0,"2021-08-30 21:58:13","2021-08-30 21:58:13"
895.0,599.0,1.0,"2021-08-30 21:58:13","2021-08-30 21:58:13"
764.0,599.0,2.0,"2021-08-30 21:58:13","2021-08-30 21:58:13"
800.0,599.0,1.0,"2021-08-30 21:58:13","2021-08-30 21:58:13"
93.0,599.0,1.0,"2021-08-30 21:58:13","2021-08-30 21:58:13"
765.0,599.0,1.0,"2021-08-30 21:58:13","2021-08-30 21:58:13"
600.0,599.0,3.0,"2021-08-30 21:58:13","2021-08-30 21:58:13"
597.0,599.0,1.0,"2021-08-30 21:58:13","2021-08-30 21:58:13"
732.0,599.0,3.0,"2021-08-30 21:58:13","2021-08-30 21:58:13"
68.0,599.0,1.0,"2021-08-30 21:58:13","2021-08-30 21:58:13"
406.0,599.0,2.0,"2021-08-30 21:58:13","2021-08-30 21:58:13"
635.0,599.0,4.0,"2021-08-30 21:58:13","2021-08-30 21:58:13"
912.0,599.0,3.0,"2021-08-30 21:58:13","2021-08-30 21:58:13"
907.0,599.0,2.0,"2021-08-30 21:58:13","2021-08-30 21:58:13"
987.0,599.0,4.0,"2021-08-30 21:58:13","2021-08-30 21:58:13"
615.0,599.0,4.0,"2021-08-30 21:58:13","2021-08-30 21:58:13"
389.0,599.0,2.0,"2021-08-30 21:58:13","2021-08-30 21:58:13"
395.0,599.0,0.0,"2021-08-30 21:58:13","2021-08-30 21:58:13"
551.0,599.0,1.0,"2021-08-30 21:58:13","2021-08-30 21:58:13"
25.0,599.0,3.0,"2021-08-30 21:58:13","2021-08-30 21:58:13"
442.0,599.0,0.0,"2021-08-30 21:58:13","2021-08-30 21:58:13"
139.0,599.0,3.0,"2021-08-30 21:58:13","2021-08-30 21:58:13"
296.0,599.0,2.0,"2021-08-30 21:58:13","2021-08-30 21:58:13"
351.0,599.0,1.0,"2021-08-30 21:58:13","2021-08-30 21:58:13"
862.0,599.0,0.0,"2021-08-30 21:58:13","2021-08-30 21:58:13"
699.0,599.0,1.0,"2021-08-30 21:58:13","2021-08-30 21:58:13"
80.0,599.0,1.0,"2021-08-30 21:58:13","2021-08-30 21:58:13"
439.0,599.0,2.0,"2021-08-30 21:58:13","2021-08-30 21:58:13"
723.0,599.0,1.0,"2021-08-30 21:58:13","2021-08-30 21:58:13"
47.0,599.0,1.0,"2021-08-30 21:58:13","2021-08-30 21:58:13"
573.0,599.0,1.0,"2021-08-30 21:58:13","2021-08-30 21:58:13"
157.0,599.0,2.0,"2021-08-30 21:58:13","2021-08-30 21:58:13"
517.0,599.0,4.0,"2021-08-30 21:58:13","2021-08-30 21:58:13"
103.0,599.0,2.0,"2021-08-30 21:58:13","2021-08-30 21:58:13"
63.0,599.0,3.0,"2021-08-30 21:58:13","2021-08-30 21:58:13"
745.0,599.0,3.0,"2021-08-30 21:58:13","2021-08-30 21:58:13"
590.0,599.0,3.0,"2021-08-30 21:58:13","2021-08-30 21:58:13"
552.0,599.0,2.0,"2021-08-30 21:58:13","2021-08-30 21:58:13"
323.0,599.0,3.0,"2021-08-30 21:58:13","2021-08-30 21:58:13"
878.0,599.0,4.0,"2021-08-30 21:58:13","2021-08-30 21:58:13"
173.0,599.0,2.0,"2021-08-30 21:58:13","2021-08-30 21:58:13"
902.0,599.0,0.0,"2021-08-30 21:58:13","2021-08-30 21:58:13"
5.0,599.0,1.0,"2021-08-30 21:58:13","2021-08-30 21:58:13"
451.0,599.0,2.0,"2021-08-30 21:58:13","2021-08-30 21:58:13"
410.0,599.0,1.0,"2021-08-30 21:58:13","2021-08-30 21:58:13"
942.0,599.0,4.0,"2021-08-30 21:58:13","2021-08-30 21:58:13"
654.0,599.0,1.0,"2021-08-30 21:58:13","2021-08-30 21:58:13"
873.0,599.0,3.0,"2021-08-30 21:58:13","2021-08-30 21:58:13"
809.0,599.0,1.0,"2021-08-30 21:58:13","2021-08-30 21:58:13"
267.0,599.0,1.0,"2021-08-30 21:58:13","2021-08-30 21:58:13"
999.0,599.0,2.0,"2021-08-30 21:58:13","2021-08-30 21:58:13"
507.0,599.0,4.0,"2021-08-30 21:58:13","2021-08-30 21:58:13"
599.0,599.0,1.0,"2021-08-30 21:58:13","2021-08-30 21:58:13"
81.0,599.0,2.0,"2021-08-30 21:58:13","2021-08-30 21:58:13"
381.0,599.0,2.0,"2021-08-30 21:58:13","2021-08-30 21:58:13"
577.0,599.0,4.0,"2021-08-30 21:58:13","2021-08-30 21:58:13"
934.0,599.0,3.0,"2021-08-30 21:58:13","2021-08-30 21:58:13"
992.0,599.0,2.0,"2021-08-30 21:58:13","2021-08-30 21:58:13"
634.0,599.0,1.0,"2021-08-30 21:58:13","2021-08-30 21:58:13"
632.0,599.0,1.0,"2021-08-30 21:58:13","2021-08-30 21:58:13"
821.0,599.0,4.0,"2021-08-30 21:58:13","2021-08-30 21:58:13"
547.0,599.0,4.0,"2021-08-30 21:58:13","2021-08-30 21:58:13"
203.0,599.0,2.0,"2021-08-30 21:58:13","2021-08-30 21:58:13"
402.0,599.0,1.0,"2021-08-30 21:58:13","2021-08-30 21:58:13"
57.0,599.0,4.0,"2021-08-30 21:58:13","2021-08-30 21:58:13"
374.0,599.0,3.0,"2021-08-30 21:58:13","2021-08-30 21:58:13"
676.0,599.0,1.0,"2021-08-30 21:58:13","2021-08-30 21:58:13"
212.0,599.0,4.0,"2021-08-30 21:58:13","2021-08-30 21:58:13"
477.0,599.0,3.0,"2021-08-30 21:58:13","2021-08-30 21:58:13"
149.0,599.0,0.0,"2021-08-30 21:58:13","2021-08-30 21:58:13"
538.0,599.0,1.0,"2021-08-30 21:58:13","2021-08-30 21:58:13"
381.0,599.0,1.0,"2021-08-30 21:58:13","2021-08-30 21:58:13"
910.0,599.0,1.0,"2021-08-30 21:58:13","2021-08-30 21:58:13"
871.0,599.0,2.0,"2021-08-30 21:58:13","2021-08-30 21:58:13"
614.0,599.0,0.0,"2021-08-30 21:58:13","2021-08-30 21:58:13"
91.0,599.0,1.0,"2021-08-30 21:58:13","2021-08-30 21:58:13"
143.0,599.0,2.0,"2021-08-30 21:58:13","2021-08-30 21:58:13"
683.0,599.0,2.0,"2021-08-30 21:58:13","2021-08-30 21:58:13"
263.0,599.0,3.0,"2021-08-30 21:58:13","2021-08-30 21:58:13"
155.0,599.0,0.0,"2021-08-30 21:58:13","2021-08-30 21:58:13"
72.0,599.0,2.0,"2021-08-30 21:58:13","2021-08-30 21:58:13"
743.0,599.0,1.0,"2021-08-30 21:58:13","2021-08-30 21:58:13"
424.0,599.0,1.0,"2021-08-30 21:58:13","2021-08-30 21:58:13"
922.0,599.0,2.0,"2021-08-30 21:58:13","2021-08-30 21:58:13"
751.0,599.0,1.0,"2021-08-30 21:58:13","2021-08-30 21:58:13"
199.0,599.0,4.0,"2021-08-30 21:58:13","2021-08-30 21:58:13"
452.0,599.0,2.0,"2021-08-30 21:58:13","2021-08-30 21:58:13"
397.0,599.0,2.0,"2021-08-30 21:58:13","2021-08-30 21:58:13"
436.0,599.0,4.0,"2021-08-30 21:58:13","2021-08-30 21:58:13"
9.0,599.0,3.0,"2021-08-30 21:58:13","2021-08-30 21:58:13"
208.0,599.0,0.0,"2021-08-30 21:58:13","2021-08-30 21:58:13"
874.0,599.0,2.0,"2021-08-30 21:58:13","2021-08-30 21:58:13"
149.0,599.0,3.0,"2021-08-30 21:58:13","2021-08-30 21:58:13"
418.0,599.0,2.0,"2021-08-30 21:58:13","2021-08-30 21:58:13"
241.0,599.0,4.0,"2021-08-30 21:58:13","2021-08-30 21:58:13"
321.0,599.0,3.0,"2021-08-30 21:58:13","2021-08-30 21:58:13"
911.0,599.0,3.0,"2021-08-30 21:58:13","2021-08-30 21:58:13"
777.0,599.0,4.0,"2021-08-30 21:58:13","2021-08-30 21:58:13"
910.0,599.0,3.0,"2021-08-30 21:58:13","2021-08-30 21:58:13"
587.0,599.0,3.0,"2021-08-30 21:58:13","2021-08-30 21:58:13"
184.0,599.0,4.0,"2021-08-30 21:58:13","2021-08-30 21:58:13"
79.0,599.0,1.0,"2021-08-30 21:58:13","2021-08-30 21:58:13"
902.0,599.0,2.0,"2021-08-30 21:58:13","2021-08-30 21:58:13"
988.0,599.0,2.0,"2021-08-30 21:58:13","2021-08-30 21:58:13"
298.0,599.0,0.0,"2021-08-30 21:58:13","2021-08-30 21:58:13"
172.0,599.0,2.0,"2021-08-30 21:58:13","2021-08-30 21:58:13"
887.0,599.0,3.0,"2021-08-30 21:58:13","2021-08-30 21:58:13"
231.0,599.0,1.0,"2021-08-30 21:58:13","2021-08-30 21:58:13"
590.0,599.0,2.0,"2021-08-30 21:58:13","2021-08-30 21:58:13"
783.0,599.0,3.0,"2021-08-30 21:58:13","2021-08-30 21:58:13"
389.0,599.0,4.0,"2021-08-30 21:58:13","2021-08-30 21:58:13"
50.0,599.0,3.0,"2021-08-30 21:58:13","2021-08-30 21:58:13"
862.0,599.0,3.0,"2021-08-30 21:58:13","2021-08-30 21:58:13"
999.0,599.0,0.0,"2021-08-30 21:58:13","2021-08-30 21:58:13"
350.0,599.0,3.0,"2021-08-30 21:58:13","2021-08-30 21:58:13"
902.0,599.0,4.0,"2021-08-30 21:58:13","2021-08-30 21:58:13"
712.0,599.0,1.0,"2021-08-30 21:58:13","2021-08-30 21:58:13"
507.0,599.0,1.0,"2021-08-30 21:58:13","2021-08-30 21:58:13"
780.0,599.0,3.0,"2021-08-30 21:58:13","2021-08-30 21:58:13"
969.0,599.0,2.0,"2021-08-30 21:58:13","2021-08-30 21:58:13"
795.0,599.0,0.0,"2021-08-30 21:58:13","2021-08-30 21:58:13"
397.0,599.0,1.0,"2021-08-30 21:58:13","2021-08-30 21:58:13"
513.0,599.0,0.0,"2021-08-30 21:58:13","2021-08-30 21:58:13"
149.0,599.0,1.0,"2021-08-30 21:58:13","2021-08-30 21:58:13"
231.0,599.0,4.0,"2021-08-30 21:58:13","2021-08-30 21:58:13"
412.0,599.0,1.0,"2021-08-30 21:58:13","2021-08-30 21:58:13"
608.0,599.0,2.0,"2021-08-30 21:58:13","2021-08-30 21:58:13"
907.0,599.0,0.0,"2021-08-30 21:58:13","2021-08-30 21:58:13"
395.0,599.0,3.0,"2021-08-30 21:58:13","2021-08-30 21:58:13"
412.0,599.0,4.0,"2021-08-30 21:58:13","2021-08-30 21:58:13"
902.0,599.0,1.0,"2021-08-30 21:58:13","2021-08-30 21:58:13"
793.0,599.0,1.0,"2021-08-30 21:58:13","2021-08-30 21:58:13"
25.0,599.0,1.0,"2021-08-30 21:58:13","2021-08-30 21:58:13"
947.0,599.0,4.0,"2021-08-30 21:58:13","2021-08-30 21:58:13"
423.0,599.0,2.0,"2021-08-30 21:58:13","2021-08-30 21:58:13"
27.0,599.0,1.0,"2021-08-30 21:58:13","2021-08-30 21:58:13"
408.0,599.0,2.0,"2021-08-30 21:58:13","2021-08-30 21:58:13"
263.0,599.0,1.0,"2021-08-30 21:58:13","2021-08-30 21:58:13"
166.0,599.0,3.0,"2021-08-30 21:58:13","2021-08-30 21:58:13"
786.0,599.0,1.0,"2021-08-30 21:58:13","2021-08-30 21:58:13"
699.0,599.0,0.0,"2021-08-30 21:58:13","2021-08-30 21:58:13"
605.0,599.0,4.0,"2021-08-30 21:58:13","2021-08-30 21:58:13"
203.0,599.0,1.0,"2021-08-30 21:58:13","2021-08-30 21:58:13"
699.0,599.0,3.0,"2021-08-30 21:58:13","2021-08-30 21:58:13"
669.0,599.0,2.0,"2021-08-30 21:58:13","2021-08-30 21:58:13"
323.0,599.0,2.0,"2021-08-30 21:58:13","2021-08-30 21:58:13"
751.0,599.0,4.0,"2021-08-30 21:58:13","2021-08-30 21:58:13"
723.0,599.0,0.0,"2021-08-30 21:58:13","2021-08-30 21:58:13"
278.0,599.0,3.0,"2021-08-30 21:58:13","2021-08-30 21:58:13"
57.0,599.0,2.0,"2021-08-30 21:58:13","2021-08-30 21:58:13"
9.0,599.0,0.0,"2021-08-30 21:58:13","2021-08-30 21:58:13"
509.0,599.0,3.0,"2021-08-30 21:58:13","2021-08-30 21:58:13"
395.0,599.0,1.0,"2021-08-30 21:58:13","2021-08-30 21:58:13"
942.0,599.0,1.0,"2021-08-30 21:58:13","2021-08-30 21:58:13"
165.0,599.0,3.0,"2021-08-30 21:58:13","2021-08-30 21:58:13"
547.0,599.0,0.0,"2021-08-30 21:58:13","2021-08-30 21:58:13"
731.0,599.0,3.0,"2021-08-30 21:58:13","2021-08-30 21:58:13"
911.0,599.0,4.0,"2021-08-30 21:58:13","2021-08-30 21:58:13"
688.0,599.0,2.0,"2021-08-30 21:58:13","2021-08-30 21:58:13"
867.0,599.0,1.0,"2021-08-30 21:58:13","2021-08-30 21:58:13"
478.0,599.0,4.0,"2021-08-30 21:58:13","2021-08-30 21:58:13"
146.0,599.0,2.0,"2021-08-30 21:58:13","2021-08-30 21:58:13"
738.0,599.0,0.0,"2021-08-30 21:58:13","2021-08-30 21:58:13"
800.0,599.0,0.0,"2021-08-30 21:58:13","2021-08-30 21:58:13"
131.0,599.0,2.0,"2021-08-30 21:58:13","2021-08-30 21:58:13"
774.0,599.0,3.0,"2021-08-30 21:58:13","2021-08-30 21:58:13"
391.0,599.0,1.0,"2021-08-30 21:58:13","2021-08-30 21:58:13"
791.0,599.0,0.0,"2021-08-30 21:58:13","2021-08-30 21:58:13"
725.0,599.0,3.0,"2021-08-30 21:58:13","2021-08-30 21:58:13"
72.0,599.0,1.0,"2021-08-30 21:58:13","2021-08-30 21:58:13"
584.0,599.0,0.0,"2021-08-30 21:58:13","2021-08-30 21:58:13"
676.0,599.0,3.0,"2021-08-30 21:58:13","2021-08-30 21:58:13"
21.0,599.0,1.0,"2021-08-30 21:58:13","2021-08-30 21:58:13"
940.0,599.0,3.0,"2021-08-30 21:58:13","2021-08-30 21:58:13"
721.0,599.0,4.0,"2021-08-30 21:58:13","2021-08-30 21:58:13"
50.0,599.0,0.0,"2021-08-30 21:58:13","2021-08-30 21:58:13"
478.0,599.0,2.0,"2021-08-30 21:58:13","2021-08-30 21:58:13"
533.0,599.0,0.0,"2021-08-30 21:58:13","2021-08-30 21:58:13"
887.0,599.0,1.0,"2021-08-30 21:58:13","2021-08-30 21:58:13"
787.0,599.0,0.0,"2021-08-30 21:58:13","2021-08-30 21:58:13"
127.0,599.0,0.0,"2021-08-30 21:58:13","2021-08-30 21:58:13"
600.0,599.0,4.0,"2021-08-30 21:58:13","2021-08-30 21:58:13"
547.0,599.0,3.0,"2021-08-30 21:58:13","2021-08-30 21:58:13"
165.0,599.0,1.0,"2021-08-30 21:58:13","2021-08-30 21:58:13"
474.0,599.0,3.0,"2021-08-30 21:58:13","2021-08-30 21:58:13"
139.0,599.0,1.0,"2021-08-30 21:58:13","2021-08-30 21:58:13"
457.0,599.0,1.0,"2021-08-30 21:58:13","2021-08-30 21:58:13"
736.0,599.0,0.0,"2021-08-30 21:58:13","2021-08-30 21:58:13"
173.0,599.0,4.0,"2021-08-30 21:58:13","2021-08-30 21:58:13"
341.0,599.0,2.0,"2021-08-30 21:58:13","2021-08-30 21:58:13"
958.0,599.0,1.0,"2021-08-30 21:58:13","2021-08-30 21:58:13"
745.0,599.0,2.0,"2021-08-30 21:58:13","2021-08-30 21:58:13"
412.0,599.0,2.0,"2021-08-30 21:58:13","2021-08-30 21:58:13"
900.0,599.0,2.0,"2021-08-30 21:58:13","2021-08-30 21:58:13"
63.0,599.0,4.0,"2021-08-30 21:58:13","2021-08-30 21:58:13"
477.0,599.0,2.0,"2021-08-30 21:58:13","2021-08-30 21:58:13"
138.0,599.0,3.0,"2021-08-30 21:58:13","2021-08-30 21:58:13"
486.0,599.0,1.0,"2021-08-30 21:58:13","2021-08-30 21:58:13"
291.0,599.0,4.0,"2021-08-30 21:58:13","2021-08-30 21:58:13"
590.0,599.0,4.0,"2021-08-30 21:58:13","2021-08-30 21:58:13"
237.0,599.0,2.0,"2021-08-30 21:58:13","2021-08-30 21:58:13"
199.0,599.0,2.0,"2021-08-30 21:58:13","2021-08-30 21:58:13"
614.0,599.0,3.0,"2021-08-30 21:58:13","2021-08-30 21:58:13"
197.0,599.0,0.0,"2021-08-30 21:58:13","2021-08-30 21:58:13"
212.0,599.0,1.0,"2021-08-30 21:58:13","2021-08-30 21:58:13"
910.0,599.0,4.0,"2021-08-30 21:58:13","2021-08-30 21:58:13"
873.0,599.0,1.0,"2021-08-30 21:58:13","2021-08-30 21:58:13"
37.0,599.0,2.0,"2021-08-30 21:58:13","2021-08-30 21:58:13"
143.0,599.0,4.0,"2021-08-30 21:58:13","2021-08-30 21:58:13"
862.0,599.0,2.0,"2021-08-30 21:58:13","2021-08-30 21:58:13"
712.0,599.0,2.0,"2021-08-30 21:58:13","2021-08-30 21:58:13"
654.0,599.0,3.0,"2021-08-30 21:58:13","2021-08-30 21:58:13"
402.0,599.0,3.0,"2021-08-30 21:58:13","2021-08-30 21:58:13"
634.0,599.0,3.0,"2021-08-30 21:58:13","2021-08-30 21:58:13"
395.0,599.0,4.0,"2021-08-30 21:58:13","2021-08-30 21:58:13"
783.0,599.0,4.0,"2021-08-30 21:58:13","2021-08-30 21:58:13"
323.0,599.0,4.0,"2021-08-30 21:58:13","2021-08-30 21:58:13"
911.0,599.0,1.0,"2021-08-30 21:58:13","2021-08-30 21:58:13"
72.0,599.0,4.0,"2021-08-30 21:58:13","2021-08-30 21:58:13"
765.0,599.0,3.0,"2021-08-30 21:58:13","2021-08-30 21:58:13"
26.0,599.0,3.0,"2021-08-30 21:58:13","2021-08-30 21:58:13"
182.0,599.0,2.0,"2021-08-30 21:58:13","2021-08-30 21:58:13"
103.0,599.0,1.0,"2021-08-30 21:58:13","2021-08-30 21:58:13"
587.0,599.0,1.0,"2021-08-30 21:58:13","2021-08-30 21:58:13"
351.0,599.0,2.0,"2021-08-30 21:58:13","2021-08-30 21:58:13"
697.0,599.0,3.0,"2021-08-30 21:58:13","2021-08-30 21:58:13"
341.0,599.0,1.0,"2021-08-30 21:58:13","2021-08-30 21:58:13"
547.0,599.0,2.0,"2021-08-30 21:58:13","2021-08-30 21:58:13"
436.0,599.0,2.0,"2021-08-30 21:58:13","2021-08-30 21:58:13"
452.0,599.0,3.0,"2021-08-30 21:58:13","2021-08-30 21:58:13"
139.0,599.0,2.0,"2021-08-30 21:58:13","2021-08-30 21:58:13"
906.0,599.0,4.0,"2021-08-30 21:58:13","2021-08-30 21:58:13"
608.0,599.0,0.0,"2021-08-30 21:58:13","2021-08-30 21:58:13"
697.0,599.0,4.0,"2021-08-30 21:58:13","2021-08-30 21:58:13"
934.0,599.0,0.0,"2021-08-30 21:58:13","2021-08-30 21:58:13"
582.0,599.0,0.0,"2021-08-30 21:58:13","2021-08-30 21:58:13"
842.0,599.0,2.0,"2021-08-30 21:58:13","2021-08-30 21:58:13"
107.0,599.0,3.0,"2021-08-30 21:58:13","2021-08-30 21:58:13"
507.0,599.0,3.0,"2021-08-30 21:58:13","2021-08-30 21:58:13"
902.0,599.0,3.0,"2021-08-30 21:58:13","2021-08-30 21:58:13"
79.0,599.0,2.0,"2021-08-30 21:58:13","2021-08-30 21:58:13"
25.0,599.0,2.0,"2021-08-30 21:58:13","2021-08-30 21:58:13"
517.0,599.0,2.0,"2021-08-30 21:58:13","2021-08-30 21:58:13"
774.0,599.0,2.0,"2021-08-30 21:58:13","2021-08-30 21:58:13"
231.0,599.0,3.0,"2021-08-30 21:58:13","2021-08-30 21:58:13"
910.0,599.0,0.0,"2021-08-30 21:58:13","2021-08-30 21:58:13"
57.0,599.0,0.0,"2021-08-30 21:58:13","2021-08-30 21:58:13"
777.0,599.0,1.0,"2021-08-30 21:58:13","2021-08-30 21:58:13"
993.0,599.0,4.0,"2021-08-30 21:58:13","2021-08-30 21:58:13"
439.0,599.0,1.0,"2021-08-30 21:58:13","2021-08-30 21:58:13"
676.0,599.0,2.0,"2021-08-30 21:58:13","2021-08-30 21:58:13"
381.0,599.0,3.0,"2021-08-30 21:58:13","2021-08-30 21:58:13"
160.0,599.0,0.0,"2021-08-30 21:58:13","2021-08-30 21:58:13"
906.0,599.0,2.0,"2021-08-30 21:58:13","2021-08-30 21:58:13"
182.0,599.0,4.0,"2021-08-30 21:58:13","2021-08-30 21:58:13"
519.0,599.0,2.0,"2021-08-30 21:58:13","2021-08-30 21:58:13"
577.0,599.0,0.0,"2021-08-30 21:58:13","2021-08-30 21:58:13"
669.0,599.0,1.0,"2021-08-30 21:58:13","2021-08-30 21:58:13"
900.0,599.0,0.0,"2021-08-30 21:58:13","2021-08-30 21:58:13"
295.0,599.0,2.0,"2021-08-30 21:58:13","2021-08-30 21:58:13"
107.0,599.0,2.0,"2021-08-30 21:58:13","2021-08-30 21:58:13"
330.0,599.0,1.0,"2021-08-30 21:58:13","2021-08-30 21:58:13"
72.0,599.0,3.0,"2021-08-30 21:58:13","2021-08-30 21:58:13"
738.0,599.0,2.0,"2021-08-30 21:58:13","2021-08-30 21:58:13"
424.0,599.0,3.0,"2021-08-30 21:58:13","2021-08-30 21:58:13"
641.0,599.0,0.0,"2021-08-30 21:58:13","2021-08-30 21:58:13"
302.0,599.0,3.0,"2021-08-30 21:58:13","2021-08-30 21:58:13"
825.0,599.0,1.0,"2021-08-30 21:58:13","2021-08-30 21:58:13"
975.0,599.0,2.0,"2021-08-30 21:58:13","2021-08-30 21:58:13"
856.0,599.0,1.0,"2021-08-30 21:58:13","2021-08-30 21:58:13"
155.0,599.0,4.0,"2021-08-30 21:58:13","2021-08-30 21:58:13"
513.0,599.0,1.0,"2021-08-30 21:58:13","2021-08-30 21:58:13"
665.0,599.0,2.0,"2021-08-30 21:58:13","2021-08-30 21:58:13"
511.0,599.0,0.0,"2021-08-30 21:58:13","2021-08-30 21:58:13"
736.0,599.0,4.0,"2021-08-30 21:58:13","2021-08-30 21:58:13"
9.0,599.0,2.0,"2021-08-30 21:58:13","2021-08-30 21:58:13"
856.0,599.0,4.0,"2021-08-30 21:58:13","2021-08-30 21:58:13"
725.0,599.0,2.0,"2021-08-30 21:58:13","2021-08-30 21:58:13"
706.0,599.0,2.0,"2021-08-30 21:58:13","2021-08-30 21:58:13"
927.0,599.0,3.0,"2021-08-30 21:58:13","2021-08-30 21:58:13"
311.0,599.0,2.0,"2021-08-30 21:58:13","2021-08-30 21:58:13"
743.0,599.0,4.0,"2021-08-30 21:58:13","2021-08-30 21:58:13"
126.0,599.0,3.0,"2021-08-30 21:58:13","2021-08-30 21:58:13"
68.0,599.0,2.0,"2021-08-30 21:58:13","2021-08-30 21:58:13"
738.0,599.0,3.0,"2021-08-30 21:58:13","2021-08-30 21:58:13"
736.0,599.0,3.0,"2021-08-30 21:58:13","2021-08-30 21:58:13"
874.0,599.0,1.0,"2021-08-30 21:58:13","2021-08-30 21:58:13"
652.0,599.0,4.0,"2021-08-30 21:58:13","2021-08-30 21:58:13"
632.0,599.0,3.0,"2021-08-30 21:58:13","2021-08-30 21:58:13"
184.0,599.0,3.0,"2021-08-30 21:58:13","2021-08-30 21:58:13"
410.0,599.0,3.0,"2021-08-30 21:58:13","2021-08-30 21:58:13"
987.0,599.0,3.0,"2021-08-30 21:58:13","2021-08-30 21:58:13"
8.0,599.0,2.0,"2021-08-30 21:58:13","2021-08-30 21:58:13"
918.0,599.0,3.0,"2021-08-30 21:58:13","2021-08-30 21:58:13"
827.0,599.0,1.0,"2021-08-30 21:58:13","2021-08-30 21:58:13"
509.0,599.0,0.0,"2021-08-30 21:58:13","2021-08-30 21:58:13"
237.0,599.0,1.0,"2021-08-30 21:58:13","2021-08-30 21:58:13"
337.0,599.0,0.0,"2021-08-30 21:58:13","2021-08-30 21:58:13"
543.0,599.0,1.0,"2021-08-30 21:58:13","2021-08-30 21:58:13"
821.0,599.0,1.0,"2021-08-30 21:58:13","2021-08-30 21:58:13"
740.0,599.0,3.0,"2021-08-30 21:58:13","2021-08-30 21:58:13"
295.0,599.0,1.0,"2021-08-30 21:58:13","2021-08-30 21:58:13"
127.0,599.0,1.0,"2021-08-30 21:58:13","2021-08-30 21:58:13"
368.0,599.0,1.0,"2021-08-30 21:58:13","2021-08-30 21:58:13"
374.0,599.0,1.0,"2021-08-30 21:58:13","2021-08-30 21:58:13"
827.0,599.0,2.0,"2021-08-30 21:58:13","2021-08-30 21:58:13"
752.0,599.0,2.0,"2021-08-30 21:58:13","2021-08-30 21:58:13"
887.0,599.0,2.0,"2021-08-30 21:58:13","2021-08-30 21:58:13"
608.0,599.0,1.0,"2021-08-30 21:58:13","2021-08-30 21:58:13"
191.0,599.0,1.0,"2021-08-30 21:58:13","2021-08-30 21:58:13"
384.0,599.0,0.0,"2021-08-30 21:58:13","2021-08-30 21:58:13"
173.0,599.0,0.0,"2021-08-30 21:58:13","2021-08-30 21:58:13"
568.0,599.0,2.0,"2021-08-30 21:58:13","2021-08-30 21:58:13"
442.0,599.0,1.0,"2021-08-30 21:58:13","2021-08-30 21:58:13"
79.0,599.0,4.0,"2021-08-30 21:58:13","2021-08-30 21:58:13"
452.0,599.0,1.0,"2021-08-30 21:58:13","2021-08-30 21:58:13"
752.0,599.0,1.0,"2021-08-30 21:58:13","2021-08-30 21:58:13"
942.0,599.0,0.0,"2021-08-30 21:58:13","2021-08-30 21:58:13"
568.0,599.0,0.0,"2021-08-30 21:58:13","2021-08-30 21:58:13"
860.0,599.0,2.0,"2021-08-30 21:58:13","2021-08-30 21:58:13"
627.0,599.0,3.0,"2021-08-30 21:58:13","2021-08-30 21:58:13"
947.0,599.0,2.0,"2021-08-30 21:58:13","2021-08-30 21:58:13"
584.0,599.0,1.0,"2021-08-30 21:58:13","2021-08-30 21:58:13"
126.0,599.0,0.0,"2021-08-30 21:58:13","2021-08-30 21:58:13"
208.0,599.0,2.0,"2021-08-30 21:58:13","2021-08-30 21:58:13"
988.0,599.0,4.0,"2021-08-30 21:58:13","2021-08-30 21:58:13"
296.0,599.0,3.0,"2021-08-30 21:58:13","2021-08-30 21:58:13"
863.0,599.0,0.0,"2021-08-30 21:58:13","2021-08-30 21:58:13"
791.0,599.0,1.0,"2021-08-30 21:58:13","2021-08-30 21:58:13"
263.0,599.0,2.0,"2021-08-30 21:58:13","2021-08-30 21:58:13"
21.0,599.0,2.0,"2021-08-30 21:58:13","2021-08-30 21:58:13"
362.0,599.0,2.0,"2021-08-30 21:58:13","2021-08-30 21:58:13"
571.0,599.0,0.0,"2021-08-30 21:58:13","2021-08-30 21:58:13"
436.0,599.0,3.0,"2021-08-30 21:58:13","2021-08-30 21:58:13"
63.0,599.0,2.0,"2021-08-30 21:58:13","2021-08-30 21:58:13"
958.0,599.0,4.0,"2021-08-30 21:58:13","2021-08-30 21:58:13"
922.0,599.0,1.0,"2021-08-30 21:58:13","2021-08-30 21:58:13"
671.0,599.0,3.0,"2021-08-30 21:58:13","2021-08-30 21:58:13"
143.0,599.0,1.0,"2021-08-30 21:58:13","2021-08-30 21:58:13"
562.0,599.0,4.0,"2021-08-30 21:58:13","2021-08-30 21:58:13"
918.0,599.0,1.0,"2021-08-30 21:58:13","2021-08-30 21:58:13"
529.0,599.0,1.0,"2021-08-30 21:58:13","2021-08-30 21:58:13"
478.0,599.0,3.0,"2021-08-30 21:58:13","2021-08-30 21:58:13"
410.0,599.0,0.0,"2021-08-30 21:58:13","2021-08-30 21:58:13"
816.0,599.0,2.0,"2021-08-30 21:58:13","2021-08-30 21:58:13"
614.0,599.0,1.0,"2021-08-30 21:58:13","2021-08-30 21:58:13"
361.0,599.0,3.0,"2021-08-30 21:58:13","2021-08-30 21:58:13"
157.0,599.0,1.0,"2021-08-30 21:58:13","2021-08-30 21:58:13"
615.0,599.0,3.0,"2021-08-30 21:58:13","2021-08-30 21:58:13"
8.0,599.0,4.0,"2021-08-30 21:58:13","2021-08-30 21:58:13"
529.0,599.0,3.0,"2021-08-30 21:58:13","2021-08-30 21:58:13"
155.0,599.0,2.0,"2021-08-30 21:58:13","2021-08-30 21:58:13"
605.0,599.0,2.0,"2021-08-30 21:58:13","2021-08-30 21:58:13"
600.0,599.0,1.0,"2021-08-30 21:58:13","2021-08-30 21:58:13"
199.0,599.0,1.0,"2021-08-30 21:58:13","2021-08-30 21:58:13"
37.0,599.0,4.0,"2021-08-30 21:58:13","2021-08-30 21:58:13"
999.0,599.0,4.0,"2021-08-30 21:58:13","2021-08-30 21:58:13"
814.0,599.0,1.0,"2021-08-30 21:58:13","2021-08-30 21:58:13"
995.0,599.0,0.0,"2021-08-30 21:58:13","2021-08-30 21:58:13"
402.0,599.0,2.0,"2021-08-30 21:58:13","2021-08-30 21:58:13"
325.0,599.0,3.0,"2021-08-30 21:58:13","2021-08-30 21:58:13"
842.0,599.0,1.0,"2021-08-30 21:58:13","2021-08-30 21:58:13"
173.0,599.0,1.0,"2021-08-30 21:58:13","2021-08-30 21:58:13"
389.0,599.0,3.0,"2021-08-30 21:58:13","2021-08-30 21:58:13"
910.0,599.0,2.0,"2021-08-30 21:58:13","2021-08-30 21:58:13"
862.0,599.0,4.0,"2021-08-30 21:58:13","2021-08-30 21:58:13"
474.0,599.0,2.0,"2021-08-30 21:58:13","2021-08-30 21:58:13"
706.0,599.0,1.0,"2021-08-30 21:58:13","2021-08-30 21:58:13"
480.0,599.0,2.0,"2021-08-30 21:58:13","2021-08-30 21:58:13"
37.0,599.0,1.0,"2021-08-30 21:58:13","2021-08-30 21:58:13"
927.0,599.0,1.0,"2021-08-30 21:58:13","2021-08-30 21:58:13"
782.0,599.0,3.0,"2021-08-30 21:58:13","2021-08-30 21:58:13"
402.0,599.0,0.0,"2021-08-30 21:58:13","2021-08-30 21:58:13"
992.0,599.0,3.0,"2021-08-30 21:58:13","2021-08-30 21:58:13"
424.0,599.0,4.0,"2021-08-30 21:58:13","2021-08-30 21:58:13"
452.0,599.0,0.0,"2021-08-30 21:58:13","2021-08-30 21:58:13"
969.0,599.0,0.0,"2021-08-30 21:58:13","2021-08-30 21:58:13"
787.0,599.0,-1.0,"2021-08-30 21:58:13","2021-08-30 21:58:13"
290.0,599.0,0.0,"2021-08-30 21:58:13","2021-08-30 21:58:13"
616.0,599.0,4.0,"2021-08-30 21:58:13","2021-08-30 21:58:13"
14.0,599.0,1.0,"2021-08-30 21:58:13","2021-08-30 21:58:13"
148.0,599.0,2.0,"2021-08-30 21:58:13","2021-08-30 21:58:13"
406.0,599.0,3.0,"2021-08-30 21:58:13","2021-08-30 21:58:13"
814.0,599.0,3.0,"2021-08-30 21:58:13","2021-08-30 21:58:13"
146.0,599.0,1.0,"2021-08-30 21:58:13","2021-08-30 21:58:13"
417.0,599.0,3.0,"2021-08-30 21:58:13","2021-08-30 21:58:13"
181.0,599.0,0.0,"2021-08-30 21:58:13","2021-08-30 21:58:13"
877.0,599.0,1.0,"2021-08-30 21:58:13","2021-08-30 21:58:13"
237.0,599.0,0.0,"2021-08-30 21:58:13","2021-08-30 21:58:13"
720.0,599.0,4.0,"2021-08-30 21:58:13","2021-08-30 21:58:13"
841.0,599.0,1.0,"2021-08-30 21:58:13","2021-08-30 21:58:13"
716.0,599.0,1.0,"2021-08-30 21:58:13","2021-08-30 21:58:13"
743.0,599.0,2.0,"2021-08-30 21:58:13","2021-08-30 21:58:13"
905.0,599.0,2.0,"2021-08-30 21:58:13","2021-08-30 21:58:13"
768.0,599.0,4.0,"2021-08-30 21:58:13","2021-08-30 21:58:13"
800.0,599.0,2.0,"2021-08-30 21:58:13","2021-08-30 21:58:13"
490.0,599.0,3.0,"2021-08-30 21:58:13","2021-08-30 21:58:13"
716.0,599.0,3.0,"2021-08-30 21:58:13","2021-08-30 21:58:13"
659.0,599.0,4.0,"2021-08-30 21:58:13","2021-08-30 21:58:13"
16.0,599.0,3.0,"2021-08-30 21:58:13","2021-08-30 21:58:13"
208.0,599.0,3.0,"2021-08-30 21:58:13","2021-08-30 21:58:13"
589.0,599.0,4.0,"2021-08-30 21:58:13","2021-08-30 21:58:13"
157.0,599.0,3.0,"2021-08-30 21:58:13","2021-08-30 21:58:13"
982.0,599.0,2.0,"2021-08-30 21:58:13","2021-08-30 21:58:13"
995.0,599.0,2.0,"2021-08-30 21:58:13","2021-08-30 21:58:13"
391.0,599.0,3.0,"2021-08-30 21:58:13","2021-08-30 21:58:13"
878.0,599.0,1.0,"2021-08-30 21:58:13","2021-08-30 21:58:13"
173.0,599.0,3.0,"2021-08-30 21:58:13","2021-08-30 21:58:13"
290.0,599.0,3.0,"2021-08-30 21:58:13","2021-08-30 21:58:13"
53.0,599.0,1.0,"2021-08-30 21:58:13","2021-08-30 21:58:13"
590.0,599.0,0.0,"2021-08-30 21:58:13","2021-08-30 21:58:13"
166.0,599.0,1.0,"2021-08-30 21:58:13","2021-08-30 21:58:13"
397.0,599.0,3.0,"2021-08-30 21:58:13","2021-08-30 21:58:13"
417.0,599.0,1.0,"2021-08-30 21:58:13","2021-08-30 21:58:13"
995.0,599.0,3.0,"2021-08-30 21:58:13","2021-08-30 21:58:13"
410.0,599.0,2.0,"2021-08-30 21:58:13","2021-08-30 21:58:13"
5.0,599.0,2.0,"2021-08-30 21:58:13","2021-08-30 21:58:13"
567.0,599.0,3.0,"2021-08-30 21:58:13","2021-08-30 21:58:13"
91.0,599.0,2.0,"2021-08-30 21:58:13","2021-08-30 21:58:13"
26.0,599.0,2.0,"2021-08-30 21:58:13","2021-08-30 21:58:13"
614.0,599.0,4.0,"2021-08-30 21:58:13","2021-08-30 21:58:13"
321.0,599.0,2.0,"2021-08-30 21:58:13","2021-08-30 21:58:13"
323.0,599.0,0.0,"2021-08-30 21:58:13","2021-08-30 21:58:13"
694.0,599.0,3.0,"2021-08-30 21:58:13","2021-08-30 21:58:13"
368.0,599.0,4.0,"2021-08-30 21:58:13","2021-08-30 21:58:13"
634.0,599.0,2.0,"2021-08-30 21:58:13","2021-08-30 21:58:13"
800.0,599.0,4.0,"2021-08-30 21:58:13","2021-08-30 21:58:13"
333.0,599.0,1.0,"2021-08-30 21:58:13","2021-08-30 21:58:13"
511.0,599.0,4.0,"2021-08-30 21:58:13","2021-08-30 21:58:13"
729.0,599.0,0.0,"2021-08-30 21:58:13","2021-08-30 21:58:13"
454.0,599.0,0.0,"2021-08-30 21:58:13","2021-08-30 21:58:13"
16.0,599.0,1.0,"2021-08-30 21:58:13","2021-08-30 21:58:13"
361.0,599.0,1.0,"2021-08-30 21:58:13","2021-08-30 21:58:13"
517.0,599.0,1.0,"2021-08-30 21:58:13","2021-08-30 21:58:13"
129.0,599.0,3.0,"2021-08-30 21:58:13","2021-08-30 21:58:13"
635.0,599.0,0.0,"2021-08-30 21:58:13","2021-08-30 21:58:13"
274.0,599.0,3.0,"2021-08-30 21:58:13","2021-08-30 21:58:13"
721.0,599.0,0.0,"2021-08-30 21:58:13","2021-08-30 21:58:13"
251.0,599.0,3.0,"2021-08-30 21:58:13","2021-08-30 21:58:13"
146.0,599.0,3.0,"2021-08-30 21:58:13","2021-08-30 21:58:13"
942.0,599.0,3.0,"2021-08-30 21:58:13","2021-08-30 21:58:13"
172.0,599.0,1.0,"2021-08-30 21:58:13","2021-08-30 21:58:13"
605.0,599.0,3.0,"2021-08-30 21:58:13","2021-08-30 21:58:13"
418.0,599.0,1.0,"2021-08-30 21:58:13","2021-08-30 21:58:13"
832.0,599.0,1.0,"2021-08-30 21:58:13","2021-08-30 21:58:13"
562.0,599.0,0.0,"2021-08-30 21:58:13","2021-08-30 21:58:13"
659.0,599.0,3.0,"2021-08-30 21:58:13","2021-08-30 21:58:13"
278.0,599.0,0.0,"2021-08-30 21:58:13","2021-08-30 21:58:13"
738.0,599.0,1.0,"2021-08-30 21:58:13","2021-08-30 21:58:13"
146.0,599.0,4.0,"2021-08-30 21:58:13","2021-08-30 21:58:13"
333.0,599.0,3.0,"2021-08-30 21:58:13","2021-08-30 21:58:13"
442.0,599.0,4.0,"2021-08-30 21:58:13","2021-08-30 21:58:13"
625.0,599.0,0.0,"2021-08-30 21:58:13","2021-08-30 21:58:13"
528.0,599.0,2.0,"2021-08-30 21:58:13","2021-08-30 21:58:13"
993.0,599.0,0.0,"2021-08-30 21:58:13","2021-08-30 21:58:13"
551.0,599.0,2.0,"2021-08-30 21:58:13","2021-08-30 21:58:13"
323.0,599.0,1.0,"2021-08-30 21:58:13","2021-08-30 21:58:13"
129.0,599.0,1.0,"2021-08-30 21:58:13","2021-08-30 21:58:13"
21.0,599.0,0.0,"2021-08-30 21:58:13","2021-08-30 21:58:13"
63.0,599.0,0.0,"2021-08-30 21:58:13","2021-08-30 21:58:13"
874.0,599.0,0.0,"2021-08-30 21:58:13","2021-08-30 21:58:13"
871.0,599.0,3.0,"2021-08-30 21:58:13","2021-08-30 21:58:13"
825.0,599.0,4.0,"2021-08-30 21:58:13","2021-08-30 21:58:13"
688.0,599.0,3.0,"2021-08-30 21:58:13","2021-08-30 21:58:13"
138.0,599.0,0.0,"2021-08-30 21:58:13","2021-08-30 21:58:13"
816.0,599.0,3.0,"2021-08-30 21:58:13","2021-08-30 21:58:13"
5.0,599.0,0.0,"2021-08-30 21:58:13","2021-08-30 21:58:13"
291.0,599.0,1.0,"2021-08-30 21:58:13","2021-08-30 21:58:13"
906.0,599.0,3.0,"2021-08-30 21:58:13","2021-08-30 21:58:13"
321.0,599.0,1.0,"2021-08-30 21:58:13","2021-08-30 21:58:13"
182.0,599.0,1.0,"2021-08-30 21:58:13","2021-08-30 21:58:13"
423.0,599.0,1.0,"2021-08-30 21:58:13","2021-08-30 21:58:13"
406.0,599.0,1.0,"2021-08-30 21:58:13","2021-08-30 21:58:13"
975.0,599.0,1.0,"2021-08-30 21:58:13","2021-08-30 21:58:13"
842.0,599.0,0.0,"2021-08-30 21:58:13","2021-08-30 21:58:13"
640.0,599.0,2.0,"2021-08-30 21:58:13","2021-08-30 21:58:13"
665.0,599.0,1.0,"2021-08-30 21:58:13","2021-08-30 21:58:13"
451.0,599.0,4.0,"2021-08-30 21:58:13","2021-08-30 21:58:13"
723.0,599.0,2.0,"2021-08-30 21:58:13","2021-08-30 21:58:13"
731.0,599.0,4.0,"2021-08-30 21:58:13","2021-08-30 21:58:13"
333.0,599.0,2.0,"2021-08-30 21:58:13","2021-08-30 21:58:13"
172.0,599.0,4.0,"2021-08-30 21:58:13","2021-08-30 21:58:13"
93.0,599.0,4.0,"2021-08-30 21:58:13","2021-08-30 21:58:13"
208.0,599.0,1.0,"2021-08-30 21:58:13","2021-08-30 21:58:13"
768.0,599.0,3.0,"2021-08-30 21:58:13","2021-08-30 21:58:13"
764.0,599.0,3.0,"2021-08-30 21:58:13","2021-08-30 21:58:13"
267.0,599.0,0.0,"2021-08-30 21:58:13","2021-08-30 21:58:13"
992.0,599.0,4.0,"2021-08-30 21:58:13","2021-08-30 21:58:13"
895.0,599.0,2.0,"2021-08-30 21:58:13","2021-08-30 21:58:13"
370.0,599.0,2.0,"2021-08-30 21:58:13","2021-08-30 21:58:13"
932.0,599.0,1.0,"2021-08-30 21:58:13","2021-08-30 21:58:13"
922.0,599.0,0.0,"2021-08-30 21:58:13","2021-08-30 21:58:13"
740.0,599.0,2.0,"2021-08-30 21:58:13","2021-08-30 21:58:13"
454.0,599.0,3.0,"2021-08-30 21:58:13","2021-08-30 21:58:13"
773.0,599.0,1.0,"2021-08-30 21:58:13","2021-08-30 21:58:13"
57.0,599.0,1.0,"2021-08-30 21:58:13","2021-08-30 21:58:13"